CREATE DATABASE  IF NOT EXISTS `basegalar` /*!40100 DEFAULT CHARACTER SET utf8mb4 COLLATE utf8mb4_unicode_ci */;
USE `basegalar`;
-- MariaDB dump 10.19  Distrib 10.4.27-MariaDB, for Win64 (AMD64)
--
-- Host: localhost    Database: basegalar
-- ------------------------------------------------------
-- Server version	10.4.27-MariaDB

/*!40101 SET @OLD_CHARACTER_SET_CLIENT=@@CHARACTER_SET_CLIENT */;
/*!40101 SET @OLD_CHARACTER_SET_RESULTS=@@CHARACTER_SET_RESULTS */;
/*!40101 SET @OLD_COLLATION_CONNECTION=@@COLLATION_CONNECTION */;
/*!40101 SET NAMES utf8 */;
/*!40103 SET @OLD_TIME_ZONE=@@TIME_ZONE */;
/*!40103 SET TIME_ZONE='+00:00' */;
/*!40014 SET @OLD_UNIQUE_CHECKS=@@UNIQUE_CHECKS, UNIQUE_CHECKS=0 */;
/*!40014 SET @OLD_FOREIGN_KEY_CHECKS=@@FOREIGN_KEY_CHECKS, FOREIGN_KEY_CHECKS=0 */;
/*!40101 SET @OLD_SQL_MODE=@@SQL_MODE, SQL_MODE='NO_AUTO_VALUE_ON_ZERO' */;
/*!40111 SET @OLD_SQL_NOTES=@@SQL_NOTES, SQL_NOTES=0 */;

--
-- Table structure for table `admin`
--

DROP TABLE IF EXISTS `admin`;
/*!40101 SET @saved_cs_client     = @@character_set_client */;
/*!40101 SET character_set_client = utf8 */;
CREATE TABLE `admin` (
  `id_admin` varchar(10) NOT NULL,
  `Nombre` varchar(45) NOT NULL,
  `ApellidoP` varchar(45) NOT NULL,
  `ApellidoS` varchar(45) DEFAULT NULL,
  PRIMARY KEY (`id_admin`)
) ENGINE=InnoDB DEFAULT CHARSET=utf8mb4 COLLATE=utf8mb4_unicode_ci;
/*!40101 SET character_set_client = @saved_cs_client */;

--
-- Dumping data for table `admin`
--

LOCK TABLES `admin` WRITE;
/*!40000 ALTER TABLE `admin` DISABLE KEYS */;
INSERT INTO `admin` VALUES ('001','Rodrigo','Sanchez','Barragan');
/*!40000 ALTER TABLE `admin` ENABLE KEYS */;
UNLOCK TABLES;

--
-- Table structure for table `asistencia`
--

DROP TABLE IF EXISTS `asistencia`;
/*!40101 SET @saved_cs_client     = @@character_set_client */;
/*!40101 SET character_set_client = utf8 */;
CREATE TABLE `asistencia` (
  `idGalardonado` varchar(15) NOT NULL,
  `Confirmacion` varchar(45) DEFAULT NULL,
  `Acompañante` varchar(45) DEFAULT NULL,
  `Incapacidad` varchar(45) DEFAULT NULL,
  PRIMARY KEY (`idGalardonado`),
  KEY `idGalardonado_idx` (`idGalardonado`),
  CONSTRAINT `idGalardonado` FOREIGN KEY (`idGalardonado`) REFERENCES `galardonado` (`idGalardonado`) ON DELETE CASCADE ON UPDATE CASCADE
) ENGINE=InnoDB DEFAULT CHARSET=utf8mb4 COLLATE=utf8mb4_unicode_ci;
/*!40101 SET character_set_client = @saved_cs_client */;

--
-- Dumping data for table `asistencia`
--

LOCK TABLES `asistencia` WRITE;
/*!40000 ALTER TABLE `asistencia` DISABLE KEYS */;
/*!40000 ALTER TABLE `asistencia` ENABLE KEYS */;
UNLOCK TABLES;

--
-- Table structure for table `cuentaadmin`
--

DROP TABLE IF EXISTS `cuentaadmin`;
/*!40101 SET @saved_cs_client     = @@character_set_client */;
/*!40101 SET character_set_client = utf8 */;
CREATE TABLE `cuentaadmin` (
  `idAdmin` varchar(10) NOT NULL,
  `Usuario` varchar(15) NOT NULL,
  `contraseña` varchar(15) NOT NULL,
  PRIMARY KEY (`idAdmin`),
  CONSTRAINT `fk_cuentaAdmin_admin1` FOREIGN KEY (`idAdmin`) REFERENCES `admin` (`id_admin`) ON DELETE CASCADE ON UPDATE CASCADE
) ENGINE=InnoDB DEFAULT CHARSET=utf8mb4 COLLATE=utf8mb4_unicode_ci;
/*!40101 SET character_set_client = @saved_cs_client */;

--
-- Dumping data for table `cuentaadmin`
--

LOCK TABLES `cuentaadmin` WRITE;
/*!40000 ALTER TABLE `cuentaadmin` DISABLE KEYS */;
INSERT INTO `cuentaadmin` VALUES ('001','rsb','123');
/*!40000 ALTER TABLE `cuentaadmin` ENABLE KEYS */;
UNLOCK TABLES;

--
-- Table structure for table `cuentadirector`
--

DROP TABLE IF EXISTS `cuentadirector`;
/*!40101 SET @saved_cs_client     = @@character_set_client */;
/*!40101 SET character_set_client = utf8 */;
CREATE TABLE `cuentadirector` (
  `idDirector` varchar(10) NOT NULL,
  `Usuario` varchar(15) NOT NULL,
  `Contraseña` varchar(45) NOT NULL,
  PRIMARY KEY (`idDirector`),
  CONSTRAINT `idDirector` FOREIGN KEY (`idDirector`) REFERENCES `director` (`idDirector`) ON DELETE CASCADE ON UPDATE CASCADE
) ENGINE=InnoDB DEFAULT CHARSET=utf8mb4 COLLATE=utf8mb4_unicode_ci;
/*!40101 SET character_set_client = @saved_cs_client */;

--
-- Dumping data for table `cuentadirector`
--

LOCK TABLES `cuentadirector` WRITE;
/*!40000 ALTER TABLE `cuentadirector` DISABLE KEYS */;
INSERT INTO `cuentadirector` VALUES ('11111','11111','11111'),('11112','11112','11112'),('11113','11113','11113'),('11114','11114','11114'),('11116','11116','11116'),('11117','11117','11117'),('11118','11118','11118'),('11119','11119','11119'),('11120','11120','11120'),('11121','11121','11121'),('11122','11122','11122'),('11123','11123','11123'),('11124','11124','11124'),('11125','11125','11125'),('11126','11126','11126'),('11127','11127','11127'),('11128','11128','11128'),('11129','11129','11129'),('11130','11130','11130'),('11131','11131','11131'),('11132','11132','11132'),('11133','11133','11133'),('11134','11134','11134'),('11135','11135','11135'),('11136','11136','11136'),('11137','11137','11137'),('11138','11138','11138'),('11139','11139','11139'),('11140','11140','11140'),('11141','11141','11141'),('11142','11142','11142'),('11143','11143','11143'),('11144','11144','11144'),('11145','11145','11145'),('11146','11146','11146'),('11147','11147','11147'),('11148','11148','11148'),('11149','11149','11149'),('11150','11150','11150'),('11151','11151','11151'),('11152','11152','11152'),('11153','11153','11153'),('11154','11154','11154'),('11155','11155','11155'),('11156','11156','11156'),('11157','11157','11157'),('11158','11158','11158'),('11159','11159','11159'),('11160','11160','11160'),('11161','11161','11161'),('11162','11162','11162'),('11163','11163','11163'),('11164','11164','11164'),('11165','11165','11165'),('11166','11166','11166'),('11167','11167','11167'),('11168','11168','11168'),('11169','11169','11169'),('11170','11170','11170'),('11171','11171','11171'),('11172','11172','11172'),('11173','11173','11173'),('11174','11174','11174'),('11175','11175','11175'),('11176','11176','11176'),('11177','11177','11177'),('11178','11178','11178'),('11179','11179','11179'),('11180','11180','11180'),('11181','11181','11181'),('11182','11182','11182'),('11183','11183','11183'),('11184','11184','11184'),('11186','11186','11186'),('11187','11187','11187');
/*!40000 ALTER TABLE `cuentadirector` ENABLE KEYS */;
UNLOCK TABLES;

--
-- Table structure for table `cuentagalardonado`
--

DROP TABLE IF EXISTS `cuentagalardonado`;
/*!40101 SET @saved_cs_client     = @@character_set_client */;
/*!40101 SET character_set_client = utf8 */;
CREATE TABLE `cuentagalardonado` (
  `idGalardonado` varchar(15) NOT NULL,
  `Usuario` varchar(45) NOT NULL,
  `Contraseña` varchar(45) NOT NULL,
  PRIMARY KEY (`idGalardonado`),
  CONSTRAINT `idGalardonado1` FOREIGN KEY (`idGalardonado`) REFERENCES `galardonado` (`idGalardonado`) ON DELETE CASCADE ON UPDATE CASCADE
) ENGINE=InnoDB DEFAULT CHARSET=utf8mb4 COLLATE=utf8mb4_unicode_ci;
/*!40101 SET character_set_client = @saved_cs_client */;

--
-- Dumping data for table `cuentagalardonado`
--

LOCK TABLES `cuentagalardonado` WRITE;
/*!40000 ALTER TABLE `cuentagalardonado` DISABLE KEYS */;
INSERT INTO `cuentagalardonado` VALUES ('C0001','C0001','C0001'),('C0002','C0002','C0002'),('C0003','C0003','C0003'),('C0004','C0004','C0004'),('C0005','C0005','C0005'),('C0006','C0006','C0006'),('C0007','C0007','C0007'),('C0008','C0008','C0008'),('C0009','C0009','C0009'),('C0010','C0010','C0010'),('C0011','C0011','C0011'),('C0012','C0012','C0012'),('C0013','C0013','C0013'),('C0014','C0014','C0014'),('C0015','C0015','C0015'),('C0016','C0016','C0016'),('C0017','C0017','C0017'),('C0018','C0018','C0018'),('C0019','C0019','C0019'),('C0020','C0020','C0020'),('C0021','C0021','C0021'),('C0022','C0022','C0022'),('C0023','C0023','C0023'),('C0024','C0024','C0024'),('C0025','C0025','C0025'),('C0026','C0026','C0026'),('C0027','C0027','C0027'),('C0028','C0028','C0028'),('C0029','C0029','C0029'),('C0030','C0030','C0030'),('C0031','C0031','C0031'),('C0032','C0032','C0032'),('C0033','C0033','C0033'),('C0034','C0034','C0034'),('C0035','C0035','C0035'),('C0036','C0036','C0036'),('C0037','C0037','C0037'),('C0038','C0038','C0038'),('C0039','C0039','C0039'),('C0040','C0040','C0040'),('C0041','C0041','C0041'),('C0042','C0042','C0042'),('C0043','C0043','C0043'),('C0044','C0044','C0044'),('C0045','C0045','C0045'),('C0046','C0046','C0046'),('C0047','C0047','C0047'),('C0048','C0048','C0048'),('C0049','C0049','C0049'),('C0050','C0050','C0050'),('C0051','C0051','C0051'),('C0052','C0052','C0052'),('C0053','C0053','C0053'),('C0054','C0054','C0054'),('C0055','C0055','C0055'),('C0056','C0056','C0056'),('C0057','C0057','C0057'),('C0058','C0058','C0058'),('C0059','C0059','C0059'),('C0060','C0060','C0060'),('C0061','C0061','C0061'),('C0062','C0062','C0062'),('C0063','C0063','C0063'),('C0064','C0064','C0064'),('C0065','C0065','C0065'),('C0066','C0066','C0066'),('C0067','C0067','C0067'),('C0068','C0068','C0068'),('C0069','C0069','C0069'),('C0070','C0070','C0070'),('C0071','C0071','C0071'),('C0072','C0072','C0072'),('C0073','C0073','C0073'),('C0074','C0074','C0074'),('C0075','C0075','C0075'),('C0076','C0076','C0076'),('C0077','C0077','C0077'),('C0078','C0078','C0078'),('C0079','C0079','C0079'),('C0080','C0080','C0080'),('C0081','C0081','C0081'),('C0082','C0082','C0082'),('C0083','C0083','C0083'),('C0084','C0084','C0084'),('C0085','C0085','C0085'),('C0086','C0086','C0086'),('C0087','C0087','C0087'),('C0088','C0088','C0088'),('C0089','C0089','C0089'),('C0090','C0090','C0090'),('C0091','C0091','C0091'),('C0092','C0092','C0092'),('C0093','C0093','C0093'),('C0094','C0094','C0094'),('C0095','C0095','C0095'),('C0096','C0096','C0096'),('C0097','C0097','C0097'),('C0098','C0098','C0098'),('C0099','C0099','C0099'),('C0100','C0100','C0100'),('C0101','C0101','C0101'),('C0102','C0102','C0102'),('C0103','C0103','C0103'),('C0104','C0104','C0104'),('C0105','C0105','C0105'),('C0106','C0106','C0106'),('C0107','C0107','C0107'),('C0108','C0108','C0108'),('C0109','C0109','C0109'),('C0110','C0110','C0110'),('C0111','C0111','C0111'),('C0112','C0112','C0112'),('C0113','C0113','C0113'),('C0114','C0114','C0114'),('C0115','C0115','C0115'),('C0116','C0116','C0116'),('C0117','C0117','C0117'),('C0118','C0118','C0118'),('C0119','C0119','C0119'),('C0120','C0120','C0120'),('C0121','C0121','C0121'),('C0122','C0122','C0122'),('C0123','C0123','C0123'),('C0124','C0124','C0124'),('C0125','C0125','C0125'),('C0126','C0126','C0126'),('C0127','C0127','C0127'),('C0128','C0128','C0128'),('C0129','C0129','C0129'),('C0130','C0130','C0130'),('C0131','C0131','C0131'),('C0132','C0132','C0132'),('C0133','C0133','C0133'),('C0134','C0134','C0134'),('C0135','C0135','C0135'),('C0136','C0136','C0136'),('C0137','C0137','C0137'),('C0138','C0138','C0138'),('C0139','C0139','C0139'),('C0140','C0140','C0140'),('C0141','C0141','C0141'),('C0142','C0142','C0142'),('C0143','C0143','C0143'),('C0144','C0144','C0144'),('C0145','C0145','C0145'),('C0146','C0146','C0146'),('C0147','C0147','C0147'),('C0148','C0148','C0148'),('C0149','C0149','C0149'),('C0150','C0150','C0150'),('C0151','C0151','C0151'),('C0152','C0152','C0152'),('C0153','C0153','C0153'),('C0154','C0154','C0154'),('C0155','C0155','C0155'),('C0156','C0156','C0156'),('C0157','C0157','C0157'),('C0158','C0158','C0158'),('C0159','C0159','C0159'),('C0160','C0160','C0160'),('C0161','C0161','C0161'),('C0162','C0162','C0162'),('C0163','C0163','C0163'),('C0164','C0164','C0164'),('P0001','P0001','P0001'),('P0002','P0002','P0002'),('P0003','P0003','P0003'),('P0004','P0004','P0004'),('P0005','P0005','P0005'),('P0006','P0006','P0006'),('P0007','P0007','P0007'),('P0008','P0008','P0008'),('P0009','P0009','P0009'),('P0010','P0010','P0010'),('P0011','P0011','P0011'),('P0012','P0012','P0012'),('P0013','P0013','P0013'),('P0014','P0014','P0014'),('P0015','P0015','P0015'),('P0016','P0016','P0016'),('P0017','P0017','P0017'),('P0018','P0018','P0018'),('P0019','P0019','P0019'),('P0020','P0020','P0020'),('P0021','P0021','P0021'),('P0022','P0022','P0022'),('P0023','P0023','P0023'),('P0024','P0024','P0024'),('P0025','P0025','P0025'),('P0026','P0026','P0026'),('P0027','P0027','P0027'),('P0028','P0028','P0028'),('P0029','P0029','P0029'),('P0030','P0030','P0030'),('P0031','P0031','P0031'),('P0032','P0032','P0032'),('P0033','P0033','P0033'),('P0034','P0034','P0034'),('P0035','P0035','P0035'),('P0036','P0036','P0036'),('P0037','P0037','P0037'),('P0038','P0038','P0038'),('P0039','P0039','P0039'),('P0040','P0040','P0040'),('P0041','P0041','P0041'),('P0042','P0042','P0042'),('P0043','P0043','P0043'),('P0044','P0044','P0044'),('P0045','P0045','P0045'),('P0046','P0046','P0046'),('P0047','P0047','P0047'),('P0048','P0048','P0048'),('P0049','P0049','P0049'),('P0050','P0050','P0050'),('P0051','P0051','P0051'),('P0052','P0052','P0052'),('P0053','P0053','P0053'),('P0054','P0054','P0054'),('P0055','P0055','P0055'),('P0056','P0056','P0056'),('P0057','P0057','P0057'),('P0058','P0058','P0058'),('P0059','P0059','P0059'),('P0060','P0060','P0060'),('P0061','P0061','P0061'),('P0062','P0062','P0062'),('P0063','P0063','P0063'),('P0064','P0064','P0064'),('P0065','P0065','P0065'),('P0066','P0066','P0066'),('P0067','P0067','P0067'),('P0068','P0068','P0068'),('P0069','P0069','P0069'),('P0070','P0070','P0070'),('P0071','P0071','P0071'),('P0072','P0072','P0072'),('P0073','P0073','P0073'),('P0074','P0074','P0074'),('P0075','P0075','P0075'),('P0076','P0076','P0076'),('P0077','P0077','P0077'),('P0078','P0078','P0078'),('P0079','P0079','P0079'),('P0080','P0080','P0080'),('P0081','P0081','P0081'),('P0082','P0082','P0082'),('P0083','P0083','P0083'),('P0084','P0084','P0084'),('P0085','P0085','P0085'),('P0086','P0086','P0086'),('P0087','P0087','P0087'),('P0088','P0088','P0088'),('P0089','P0089','P0089'),('P0090','P0090','P0090'),('P0091','P0091','P0091'),('P0092','P0092','P0092'),('P0093','P0093','P0093'),('P0094','P0094','P0094'),('P0095','P0095','P0095'),('P0096','P0096','P0096'),('P0097','P0097','P0097'),('P0098','P0098','P0098'),('P0099','P0099','P0099'),('P0100','P0100','P0100'),('P0101','P0101','P0101'),('P0102','P0102','P0102'),('P0103','P0103','P0103'),('P0104','P0104','P0104'),('P0105','P0105','P0105'),('P0106','P0106','P0106'),('P0107','P0107','P0107'),('P0108','P0108','P0108'),('P0109','P0109','P0109'),('P0110','P0110','P0110'),('P0111','P0111','P0111'),('P0112','P0112','P0112'),('P0113','P0113','P0113'),('P0114','P0114','P0114'),('P0115','P0115','P0115'),('P0116','P0116','P0116'),('P0117','P0117','P0117'),('P0118','P0118','P0118'),('P0119','P0119','P0119'),('P0120','P0120','P0120'),('P0121','P0121','P0121'),('P0122','P0122','P0122'),('P0123','P0123','P0123'),('P0124','P0124','P0124'),('P0125','P0125','P0125'),('P0126','P0126','P0126'),('P0127','P0127','P0127'),('P0128','P0128','P0128'),('P0129','P0129','P0129'),('P0130','P0130','P0130'),('P0131','P0131','P0131'),('P0132','P0132','P0132'),('P0133','P0133','P0133'),('P0134','P0134','P0134'),('P0135','P0135','P0135'),('P0136','P0136','P0136'),('P0137','P0137','P0137'),('P0138','P0138','P0138'),('P0139','P0139','P0139'),('P0140','P0140','P0140'),('P0141','P0141','P0141'),('P0142','P0142','P0142'),('P0143','P0143','P0143'),('P0144','P0144','P0144'),('P0145','P0145','P0145'),('P0146','P0146','P0146'),('P0147','P0147','P0147'),('P0148','P0148','P0148'),('P0149','P0149','P0149'),('P0150','P0150','P0150'),('P0151','P0151','P0151'),('P0152','P0152','P0152'),('P0153','P0153','P0153'),('P0154','P0154','P0154'),('P0155','P0155','P0155'),('P0156','P0156','P0156'),('P0157','P0157','P0157'),('P0158','P0158','P0158'),('P0159','P0159','P0159'),('P0160','P0160','P0160'),('P0161','P0161','P0161'),('P0162','P0162','P0162'),('P0163','P0163','P0163'),('P0164','P0164','P0164'),('P0165','P0165','P0165'),('P0166','P0166','P0166'),('P0167','P0167','P0167'),('P0168','P0168','P0168'),('P0169','P0169','P0169'),('P0170','P0170','P0170'),('P0171','P0171','P0171'),('P0172','P0172','P0172'),('P0173','P0173','P0173'),('P0174','P0174','P0174'),('P0175','P0175','P0175'),('P0176','P0176','P0176'),('P0177','P0177','P0177'),('P0178','P0178','P0178'),('P0179','P0179','P0179'),('P0180','P0180','P0180'),('P0181','P0181','P0181'),('P0182','P0182','P0182'),('P0183','P0183','P0183'),('P0184','P0184','P0184'),('P0185','P0185','P0185'),('P0186','P0186','P0186'),('P0187','P0187','P0187'),('P0188','P0188','P0188'),('P0189','P0189','P0189'),('P0190','P0190','P0190'),('P0191','P0191','P0191'),('P0192','P0192','P0192'),('P0193','P0193','P0193'),('P0194','P0194','P0194'),('P0195','P0195','P0195'),('P0196','P0196','P0196'),('P0197','P0197','P0197'),('P0198','P0198','P0198'),('P0199','P0199','P0199'),('P0200','P0200','P0200'),('P0201','P0201','P0201'),('P0202','P0202','P0202'),('P0203','P0203','P0203'),('P0204','P0204','P0204'),('P0205','P0205','P0205'),('P0206','P0206','P0206'),('P0207','P0207','P0207'),('P0208','P0208','P0208'),('P0209','P0209','P0209'),('P0210','P0210','P0210'),('P0211','P0211','P0211'),('P0212','P0212','P0212'),('P0213','P0213','P0213'),('P0214','P0214','P0214'),('P0215','P0215','P0215'),('P0216','P0216','P0216'),('P0217','P0217','P0217'),('P0218','P0218','P0218'),('P0219','P0219','P0219'),('P0220','P0220','P0220'),('P0221','P0221','P0221'),('P0222','P0222','P0222'),('P0223','P0223','P0223'),('P0224','P0224','P0224'),('P0225','P0225','P0225'),('P0226','P0226','P0226'),('P0227','P0227','P0227'),('P0228','P0228','P0228'),('P0229','P0229','P0229'),('P0230','P0230','P0230'),('P0231','P0231','P0231'),('P0232','P0232','P0232'),('P0233','P0233','P0233'),('P0234','P0234','P0234'),('P0235','P0235','P0235'),('P0236','P0236','P0236'),('P0237','P0237','P0237'),('P0238','P0238','P0238'),('P0239','P0239','P0239'),('P0240','P0240','P0240'),('P0241','P0241','P0241'),('P0242','P0242','P0242'),('P0243','P0243','P0243'),('P0244','P0244','P0244'),('P0245','P0245','P0245'),('P0246','P0246','P0246'),('P0247','P0247','P0247'),('P0248','P0248','P0248'),('P0249','P0249','P0249'),('P0250','P0250','P0250'),('P0251','P0251','P0251'),('P0252','P0252','P0252'),('P0253','P0253','P0253'),('P0254','P0254','P0254'),('P0255','P0255','P0255'),('P0256','P0256','P0256'),('P0257','P0257','P0257'),('P0258','P0258','P0258'),('P0259','P0259','P0259'),('P0260','P0260','P0260'),('P0261','P0261','P0261'),('P0262','P0262','P0262'),('P0263','P0263','P0263'),('P0264','P0264','P0264'),('P0265','P0265','P0265'),('P0266','P0266','P0266'),('P0267','P0267','P0267'),('P0268','P0268','P0268'),('P0269','P0269','P0269'),('P0270','P0270','P0270'),('P0271','P0271','P0271'),('P0272','P0272','P0272'),('P0273','P0273','P0273'),('P0274','P0274','P0274'),('P0275','P0275','P0275'),('P0276','P0276','P0276'),('P0277','P0277','P0277'),('P0278','P0278','P0278'),('P0279','P0279','P0279'),('P0280','P0280','P0280'),('P0281','P0281','P0281'),('P0282','P0282','P0282'),('P0283','P0283','P0283'),('P0284','P0284','P0284'),('P0285','P0285','P0285'),('P0286','P0286','P0286'),('P0287','P0287','P0287'),('P0288','P0288','P0288'),('P0289','P0289','P0289'),('P0290','P0290','P0290'),('P0291','P0291','P0291'),('P0292','P0292','P0292'),('P0293','P0293','P0293'),('P0294','P0294','P0294'),('P0295','P0295','P0295'),('P0296','P0296','P0296'),('P0297','P0297','P0297'),('P0298','P0298','P0298'),('P0299','P0299','P0299');
/*!40000 ALTER TABLE `cuentagalardonado` ENABLE KEYS */;
UNLOCK TABLES;

--
-- Table structure for table `director`
--

DROP TABLE IF EXISTS `director`;
/*!40101 SET @saved_cs_client     = @@character_set_client */;
/*!40101 SET character_set_client = utf8 */;
CREATE TABLE `director` (
  `idDirector` varchar(10) NOT NULL,
  `Nombre` varchar(45) NOT NULL,
  `ApellidoP` varchar(45) NOT NULL,
  `ApellidoS` varchar(45) DEFAULT NULL,
  PRIMARY KEY (`idDirector`)
) ENGINE=InnoDB DEFAULT CHARSET=utf8mb4 COLLATE=utf8mb4_unicode_ci;
/*!40101 SET character_set_client = @saved_cs_client */;

--
-- Dumping data for table `director`
--

LOCK TABLES `director` WRITE;
/*!40000 ALTER TABLE `director` DISABLE KEYS */;
INSERT INTO `director` VALUES ('11111','María del Rosario','García','Suarez'),('11112','Patricia','Baltazar','Trujillo'),('11113','Luis Francisco','Rivero','Zambrano'),('11114','Yadira','Fonseca','Sabater'),('11116','José Luis','Morales','Gaspar'),('11117','José Diego Ruben','Águila','Chávez'),('11118','Luis Manuel','Hidalgo','Álvarez'),('11119','Joaquín Rafael','Buendía','Santos'),('11120','temp','temp','temp'),('11121','Abelardo','Rivera','Corsi'),('11122','María del Carmen','Romero','Flores'),('11123','Martha Otilia','Hernández','Vera'),('11124','Lilia','Cortés','Hernández'),('11125','Fernando','Uribe','Montesinos'),('11126','Carlos','Garcia','Jaime'),('11127','Victorina Elizabeth','Jiménez','Sánchez'),('11128','María Griselda','Valencia','Ramírez'),('11129','Rafael Alfonso','Meza','Villanueva'),('11130','Irma Guadalupe','Gutiérrez','Ruíz'),('11131','Mauro Alberto','Enciso','Aguilar'),('11132','Armando','Oropeza','Osornio'),('11133','Carlos','Cisneros','Araujo'),('11134','Mario Alberto','González','Torres'),('11135','Sergio César','Arroyo','Trejo'),('11136','Guadalupe','Silva','Oliver'),('11137','Miguel','Tufiño','Velázquez'),('11138','Ma. Atanacia Silvia','Cárdenas','Oscoy'),('11139','Omar','García','Liévanos'),('11140','Alonso','Rojas','Rodríguez'),('11141','Judith Marina','Fomperosa','Meza'),('11142','Armando','Rentería','López'),('11143','Rosa','Hernández','Soto'),('11144','Emmanuel','González','Rogel'),('11145','Gabriela','Trejo','Tapia'),('11146','Belem','Ambriz','Cicilia'),('11147','Julio César','Rolón','Garrido'),('11148','María Valentina','Angoa','Pérez'),('11149','Héctor','Bello','Ríos'),('11150','Ismael','Jaidar','Monter'),('11151','Héctor','Mayagoitia','Domínguez'),('11152','Fidel','Cruz','Niño'),('11153','Manuel Francisco','Ortega','Hernández'),('11154','Laura','Arreola','Mendoza'),('11155','Alejandro','Escamilla','Navarro'),('11156','Gabriel','Villeda','Muñoz'),('11157','Roberto','Zárate','Gutiérrez'),('11158','Dalia','Ruíz','Dominguez'),('11159','Efraín','Robledo','Godínez'),('11160','Andrés','Ortigoza','Campos'),('11161','Marissa','Alonso','Marbán'),('11162','Fernando','Flores','Mejía'),('11163','Amanda Alejandra','Oliva','Hernández'),('11164','Itzamá','López','Yáñez'),('11165','Ricardo Rafael','Ambriz','Rojas'),('11166','Isaías','Miranda','Viramontes'),('11167','Juan Bautista','Hurtado','Ramos'),('11168','Alejandra','Colón','Vallejo'),('11169','Sergio','Hernández','Trujillo'),('11170','Eduardo','Sánchez','Ortíz'),('11171','Salvador Isidro','Belmonte','Jiménez'),('11172','Fausto Carlos Omar Ruiz','Viquez','Cuevas'),('11173','Eva Rosario','García','de Zaldo'),('11174','Ana Lilia','Coria','Páez'),('11175','Aida','González','Alatorre'),('11176','María Isabel','Rojas','Ruiz'),('11177','José Armando','Rodríguez','Mena'),('11178','Rodolfo Alejandro Romo','Mexia','Gutiérrez'),('11179','Blanca Estela','Barragán','Huerta'),('11180','Edmundo Omar','Matamoros','Hernández'),('11181','José Antonio','Sandoval','Vargas'),('11182','José Luis','Castañeda','León'),('11183','Alfredo Armando','Becerril','Castillo'),('11184','David Eduardo','Magaña','Martínez'),('11186','Ramón','Herrera','Ávila'),('11187','Carlos','Ruiz','Cárdenas');
/*!40000 ALTER TABLE `director` ENABLE KEYS */;
UNLOCK TABLES;

--
-- Table structure for table `galardon`
--

DROP TABLE IF EXISTS `galardon`;
/*!40101 SET @saved_cs_client     = @@character_set_client */;
/*!40101 SET character_set_client = utf8 */;
CREATE TABLE `galardon` (
  `idGalardon` varchar(10) NOT NULL,
  `Tipo` varchar(10) NOT NULL,
  `galardon` varchar(45) NOT NULL,
  `Observaciones` mediumtext NOT NULL,
  PRIMARY KEY (`idGalardon`)
) ENGINE=InnoDB DEFAULT CHARSET=utf8mb4 COLLATE=utf8mb4_unicode_ci;
/*!40101 SET character_set_client = @saved_cs_client */;

--
-- Dumping data for table `galardon`
--

LOCK TABLES `galardon` WRITE;
/*!40000 ALTER TABLE `galardon` DISABLE KEYS */;
INSERT INTO `galardon` VALUES ('1','Diploma','Diploma de maestro decano',''),('117','Presea','Presea juan de dios Bátiz A','Juan de dios Bátiz, distinguido mexicano, nacido en el estado de Sinaloa, desarrolló actividades de carácter militar, político y educativo, dentro de las que se destaca, la de haber sido el principal promotor y uno de los fundadores del instituto politécnico nacional. La presea “juan de dios Bátiz” es el reconocimiento que el instituto politécnico nacional, otorga al personal de apoyo y asistencia a la educación, que haya cumplido treinta años de servicio efectivos en el propio instituto.'),('127','Presea','Presea juan de dios Bátiz B','Juan de dios Bátiz, distinguido mexicano, nacido en el estado de Sinaloa, desarrolló actividades de carácter militar, político y educativo, dentro de las que se destaca, la de haber sido el principal promotor y uno de los fundadores del instituto politécnico nacional. La presea “juan de dios Bátiz” es el reconocimiento que el instituto politécnico nacional, otorga al personal académico y de apoyo y asistencia a la educación, que haya cumplido treinta años de servicio efectivos en el propio instituto.'),('180','Diploma','Diploma a la eficiencia y eficacia','El diploma a la eficiencia y eficacia se otorga al personal de apoyo y asistencia a la educación que, por reconocidos y meritorios servicios al instituto, se ha distinguido en el desempeño de sus labores. Para nuestra comunidad es de gran satisfacción reconocer públicamente la labor constante y consciente que los compañeros desempeñan en su vida laboral.'),('2','Presea','Presea Carlos Vallejo Márquez A','La presea “Carlos Vallejo Márquez” es el reconocimiento que el instituto politécnico nacional, otorga al personal de apoyo y asistencia a la educación que haya cumplido cincuenta años de servicio efectivos en el propio instituto.'),('3','Diploma','Diploma a la cultura','Se otorga a aquellos integrantes de la comunidad politécnica que hayan sobresalido en eventos deportivos nacionales o internacionales auspiciados por el Instituto Politécnico Nacional, o en representación del mismo o del País.'),('31','Presea','Presea Carlos Vallejo Márquez B','El momento cumbre de esta ceremonia ha llegado, la presea \"Carlos Vallejo Márquez\", es el reconocimiento que el instituto politécnico nacional, otorga al personal de docente que haya cumplido cincuenta años de servicio efectivos en el propio instituto.'),('4','Diploma','Diploma a la investigación','Este diploma se otorga a aquellos profesores que se hayan destacado en el campo de la investigación científica y tecnológica, o bien por la realización de una obra científica que por su contenido haya obtenido arbitraje nacional o internacional.');
/*!40000 ALTER TABLE `galardon` ENABLE KEYS */;
UNLOCK TABLES;

--
-- Table structure for table `galardon_has_galardonado`
--

DROP TABLE IF EXISTS `galardon_has_galardonado`;
/*!40101 SET @saved_cs_client     = @@character_set_client */;
/*!40101 SET character_set_client = utf8 */;
CREATE TABLE `galardon_has_galardonado` (
  `galardonado_idGalardon` varchar(10) NOT NULL,
  `galardon_idGalardon` varchar(10) NOT NULL,
  `galardonado_idGalardonado` varchar(15) NOT NULL,
  PRIMARY KEY (`galardonado_idGalardon`),
  KEY `fk_galardon_has_galardonado_galardonado1_idx` (`galardonado_idGalardonado`,`galardonado_idGalardon`),
  KEY `fk_galardon_has_galardonado_galardon1_idx` (`galardon_idGalardon`),
  CONSTRAINT `fk_galardon_has_galardonado_galardon1` FOREIGN KEY (`galardon_idGalardon`) REFERENCES `galardon` (`idGalardon`),
  CONSTRAINT `fk_galardon_has_galardonado_galardonado1` FOREIGN KEY (`galardonado_idGalardonado`) REFERENCES `galardonado` (`idGalardonado`)
) ENGINE=InnoDB DEFAULT CHARSET=utf8mb4 COLLATE=utf8mb4_unicode_ci;
/*!40101 SET character_set_client = @saved_cs_client */;

--
-- Dumping data for table `galardon_has_galardonado`
--

LOCK TABLES `galardon_has_galardonado` WRITE;
/*!40000 ALTER TABLE `galardon_has_galardonado` DISABLE KEYS */;
INSERT INTO `galardon_has_galardonado` VALUES ('G0001','1','C0001'),('G0002','1','C0002'),('G0003','1','C0003'),('G0004','1','C0004'),('G0005','4','C0005'),('G0006','3','C0006'),('G0007','127','C0007'),('G0008','127','C0008'),('G0009','127','C0009'),('G0010','127','C0010'),('G0011','127','C0011'),('G0012','127','C0012'),('G0013','127','C0013'),('G0014','127','C0014'),('G0015','127','C0015'),('G0016','127','C0016'),('G0017','127','C0017'),('G0018','127','C0018'),('G0019','127','C0019'),('G0020','127','C0020'),('G0021','127','C0021'),('G0022','127','C0022'),('G0023','127','C0023'),('G0024','127','C0024'),('G0025','127','C0025'),('G0026','127','C0026'),('G0027','127','C0027'),('G0028','127','C0028'),('G0029','127','C0029'),('G0030','127','C0030'),('G0031','127','C0031'),('G0032','127','C0032'),('G0033','127','C0033'),('G0034','127','C0034'),('G0035','127','C0035'),('G0036','127','C0036'),('G0037','127','C0037'),('G0038','127','C0038'),('G0039','127','C0039'),('G0040','127','C0040'),('G0041','127','C0041'),('G0042','127','C0042'),('G0043','127','C0043'),('G0044','127','C0044'),('G0045','127','C0045'),('G0046','127','C0046'),('G0047','127','C0047'),('G0048','127','C0048'),('G0049','127','C0049'),('G0050','127','C0050'),('G0051','127','C0051'),('G0052','127','C0052'),('G0053','127','C0053'),('G0054','127','C0054'),('G0055','127','C0055'),('G0056','127','C0056'),('G0057','127','C0057'),('G0058','127','C0058'),('G0059','127','C0059'),('G0060','127','C0060'),('G0061','127','C0061'),('G0062','127','C0062'),('G0063','127','C0063'),('G0064','127','C0064'),('G0065','127','C0065'),('G0066','127','C0066'),('G0067','127','C0067'),('G0068','127','C0068'),('G0069','127','C0069'),('G0070','127','C0070'),('G0071','127','C0071'),('G0072','127','C0072'),('G0073','127','C0073'),('G0074','127','C0074'),('G0075','127','C0075'),('G0076','127','C0076'),('G0077','127','C0077'),('G0078','127','C0078'),('G0079','127','C0079'),('G0080','127','C0080'),('G0081','127','C0081'),('G0082','127','C0082'),('G0083','127','C0083'),('G0084','127','C0084'),('G0085','127','C0085'),('G0086','127','C0086'),('G0087','127','C0087'),('G0088','127','C0088'),('G0089','127','C0089'),('G0090','127','C0090'),('G0091','127','C0091'),('G0092','127','C0092'),('G0093','127','C0093'),('G0094','127','C0094'),('G0095','127','C0095'),('G0096','127','C0096'),('G0097','127','C0097'),('G0098','127','C0098'),('G0099','127','C0099'),('G0100','127','C0100'),('G0101','127','C0101'),('G0102','127','C0102'),('G0103','127','C0103'),('G0104','127','C0104'),('G0105','127','C0105'),('G0106','127','C0106'),('G0107','127','C0107'),('G0108','127','C0108'),('G0109','127','C0109'),('G0110','127','C0110'),('G0111','127','C0111'),('G0112','127','C0112'),('G0113','127','C0113'),('G0114','127','C0114'),('G0115','127','C0115'),('G0116','127','C0116'),('G0117','127','C0117'),('G0118','127','C0118'),('G0119','127','C0119'),('G0120','127','C0120'),('G0121','127','C0121'),('G0122','127','C0122'),('G0123','127','C0123'),('G0124','127','C0124'),('G0125','127','C0125'),('G0126','127','C0126'),('G0127','127','C0127'),('G0128','127','C0128'),('G0129','127','C0129'),('G0130','127','C0130'),('G0131','127','C0131'),('G0132','127','C0132'),('G0133','127','C0133'),('G0134','31','C0134'),('G0135','31','C0135'),('G0136','31','C0136'),('G0137','31','C0137'),('G0138','31','C0138'),('G0139','31','C0139'),('G0140','31','C0140'),('G0141','31','C0141'),('G0142','31','C0142'),('G0143','31','C0143'),('G0144','31','C0144'),('G0145','31','C0145'),('G0146','31','C0146'),('G0147','31','C0147'),('G0148','31','C0148'),('G0149','31','C0149'),('G0150','31','C0150'),('G0151','31','C0151'),('G0152','31','C0152'),('G0153','31','C0153'),('G0154','31','C0154'),('G0155','31','C0155'),('G0156','31','C0156'),('G0157','31','C0157'),('G0158','31','C0158'),('G0159','31','C0159'),('G0160','31','C0160'),('G0161','31','C0161'),('G0162','31','C0162'),('G0163','31','C0163'),('G0164','31','C0164'),('G0165','180','P0001'),('G0166','180','P0002'),('G0167','180','P0003'),('G0168','180','P0004'),('G0169','180','P0005'),('G0170','180','P0006'),('G0171','180','P0007'),('G0172','180','P0008'),('G0173','180','P0009'),('G0174','180','P0010'),('G0175','180','P0011'),('G0176','180','P0012'),('G0177','180','P0013'),('G0178','180','P0014'),('G0179','180','P0015'),('G0180','180','P0016'),('G0181','180','P0017'),('G0182','180','P0018'),('G0183','180','P0019'),('G0184','180','P0020'),('G0185','180','P0021'),('G0186','180','P0022'),('G0187','180','P0023'),('G0188','180','P0024'),('G0189','180','P0025'),('G0190','180','P0026'),('G0191','180','P0027'),('G0192','180','P0028'),('G0193','180','P0029'),('G0194','180','P0030'),('G0195','180','P0031'),('G0196','180','P0032'),('G0197','180','P0033'),('G0198','180','P0034'),('G0199','180','P0035'),('G0200','180','P0036'),('G0201','180','P0037'),('G0202','180','P0038'),('G0203','180','P0039'),('G0204','180','P0040'),('G0205','180','P0041'),('G0206','180','P0042'),('G0207','180','P0043'),('G0208','180','P0044'),('G0209','180','P0045'),('G0210','180','P0046'),('G0211','180','P0047'),('G0212','180','P0048'),('G0213','180','P0049'),('G0214','180','P0050'),('G0215','180','P0051'),('G0216','180','P0052'),('G0217','180','P0053'),('G0218','180','P0054'),('G0219','180','P0055'),('G0220','180','P0056'),('G0221','180','P0057'),('G0222','180','P0058'),('G0223','180','P0059'),('G0224','180','P0060'),('G0225','180','P0061'),('G0226','180','P0062'),('G0227','180','P0063'),('G0228','180','P0064'),('G0229','180','P0065'),('G0230','180','P0066'),('G0231','180','P0067'),('G0232','180','P0068'),('G0233','180','P0069'),('G0234','180','P0070'),('G0235','180','P0071'),('G0236','180','P0072'),('G0237','180','P0073'),('G0238','180','P0074'),('G0239','180','P0075'),('G0240','180','P0076'),('G0241','180','P0077'),('G0242','180','P0078'),('G0243','180','P0079'),('G0244','180','P0080'),('G0245','180','P0081'),('G0246','180','P0082'),('G0247','180','P0083'),('G0248','180','P0084'),('G0249','180','P0085'),('G0250','180','P0086'),('G0251','180','P0087'),('G0252','180','P0088'),('G0253','180','P0089'),('G0254','180','P0090'),('G0255','180','P0091'),('G0256','180','P0092'),('G0257','180','P0093'),('G0258','180','P0094'),('G0259','180','P0095'),('G0260','180','P0096'),('G0261','180','P0097'),('G0262','180','P0098'),('G0263','180','P0099'),('G0264','180','P0100'),('G0265','180','P0101'),('G0266','180','P0102'),('G0267','180','P0103'),('G0268','180','P0104'),('G0269','180','P0105'),('G0270','180','P0106'),('G0271','180','P0107'),('G0272','180','P0108'),('G0273','180','P0109'),('G0274','180','P0110'),('G0275','180','P0111'),('G0276','180','P0112'),('G0277','180','P0113'),('G0278','180','P0114'),('G0279','180','P0115'),('G0280','180','P0116'),('G0281','180','P0117'),('G0282','180','P0118'),('G0283','180','P0119'),('G0284','180','P0120'),('G0285','180','P0121'),('G0286','180','P0122'),('G0287','180','P0123'),('G0288','180','P0124'),('G0289','180','P0125'),('G0290','180','P0126'),('G0291','180','P0127'),('G0292','180','P0128'),('G0293','180','P0129'),('G0294','180','P0130'),('G0295','180','P0131'),('G0296','180','P0132'),('G0297','180','P0133'),('G0298','180','P0134'),('G0299','180','P0135'),('G0300','180','P0136'),('G0301','180','P0137'),('G0302','180','P0138'),('G0303','180','P0139'),('G0304','180','P0140'),('G0305','180','P0141'),('G0306','180','P0142'),('G0307','180','P0143'),('G0308','180','P0144'),('G0309','180','P0145'),('G0310','180','P0146'),('G0311','180','P0147'),('G0312','180','P0148'),('G0313','180','P0149'),('G0314','180','P0150'),('G0315','180','P0151'),('G0316','180','P0152'),('G0317','180','P0153'),('G0318','180','P0154'),('G0319','180','P0155'),('G0320','180','P0156'),('G0321','180','P0157'),('G0322','180','P0158'),('G0323','180','P0159'),('G0324','180','P0160'),('G0325','180','P0161'),('G0326','180','P0162'),('G0327','180','P0163'),('G0328','180','P0164'),('G0329','180','P0165'),('G0330','180','P0166'),('G0331','180','P0167'),('G0332','180','P0168'),('G0333','180','P0169'),('G0334','180','P0170'),('G0335','180','P0171'),('G0336','180','P0172'),('G0337','180','P0173'),('G0338','180','P0174'),('G0339','180','P0175'),('G0340','180','P0176'),('G0341','180','P0177'),('G0342','180','P0178'),('G0343','180','P0179'),('G0344','180','P0180'),('G0345','117','P0181'),('G0346','117','P0182'),('G0347','117','P0183'),('G0348','117','P0184'),('G0349','117','P0185'),('G0350','117','P0186'),('G0351','117','P0187'),('G0352','117','P0188'),('G0353','117','P0189'),('G0354','117','P0190'),('G0355','117','P0191'),('G0356','117','P0192'),('G0357','117','P0193'),('G0358','117','P0194'),('G0359','117','P0195'),('G0360','117','P0196'),('G0361','117','P0197'),('G0362','117','P0198'),('G0363','117','P0199'),('G0364','117','P0200'),('G0365','117','P0201'),('G0366','117','P0202'),('G0367','117','P0203'),('G0368','117','P0204'),('G0369','117','P0205'),('G0370','117','P0206'),('G0371','117','P0207'),('G0372','117','P0208'),('G0373','117','P0209'),('G0374','117','P0210'),('G0375','117','P0211'),('G0376','117','P0212'),('G0377','117','P0213'),('G0378','117','P0214'),('G0379','117','P0215'),('G0380','117','P0216'),('G0381','117','P0217'),('G0382','117','P0218'),('G0383','117','P0219'),('G0384','117','P0220'),('G0385','117','P0221'),('G0386','117','P0222'),('G0387','117','P0223'),('G0388','117','P0224'),('G0389','117','P0225'),('G0390','117','P0226'),('G0391','117','P0227'),('G0392','117','P0228'),('G0393','117','P0229'),('G0394','117','P0230'),('G0395','117','P0231'),('G0396','117','P0232'),('G0397','117','P0233'),('G0398','117','P0234'),('G0399','117','P0235'),('G0400','117','P0236'),('G0401','117','P0237'),('G0402','117','P0238'),('G0403','117','P0239'),('G0404','117','P0240'),('G0405','117','P0241'),('G0406','117','P0242'),('G0407','117','P0243'),('G0408','117','P0244'),('G0409','117','P0245'),('G0410','117','P0246'),('G0411','117','P0247'),('G0412','117','P0248'),('G0413','117','P0249'),('G0414','117','P0250'),('G0415','117','P0251'),('G0416','117','P0252'),('G0417','117','P0253'),('G0418','117','P0254'),('G0419','117','P0255'),('G0420','117','P0256'),('G0421','117','P0257'),('G0422','117','P0258'),('G0423','117','P0259'),('G0424','117','P0260'),('G0425','117','P0261'),('G0426','117','P0262'),('G0427','117','P0263'),('G0428','117','P0264'),('G0429','117','P0265'),('G0430','117','P0266'),('G0431','117','P0267'),('G0432','117','P0268'),('G0433','117','P0269'),('G0434','117','P0270'),('G0435','117','P0271'),('G0436','117','P0272'),('G0437','117','P0273'),('G0438','117','P0274'),('G0439','117','P0275'),('G0440','117','P0276'),('G0441','117','P0277'),('G0442','117','P0278'),('G0443','117','P0279'),('G0444','117','P0280'),('G0445','117','P0281'),('G0446','117','P0282'),('G0447','117','P0283'),('G0448','117','P0284'),('G0449','117','P0285'),('G0450','117','P0286'),('G0451','117','P0287'),('G0452','117','P0288'),('G0453','117','P0289'),('G0454','117','P0290'),('G0455','117','P0291'),('G0456','117','P0292'),('G0457','117','P0293'),('G0458','117','P0294'),('G0459','117','P0295'),('G0460','117','P0296'),('G0461','117','P0297'),('G0462','2','P0298'),('G0463','2','P0299');
/*!40000 ALTER TABLE `galardon_has_galardonado` ENABLE KEYS */;
UNLOCK TABLES;

--
-- Table structure for table `galardonado`
--

DROP TABLE IF EXISTS `galardonado`;
/*!40101 SET @saved_cs_client     = @@character_set_client */;
/*!40101 SET character_set_client = utf8 */;
CREATE TABLE `galardonado` (
  `idGalardonado` varchar(15) NOT NULL,
  `Nombre` varchar(45) NOT NULL,
  `ApellidoP` varchar(45) NOT NULL,
  `ApellidoS` varchar(45) DEFAULT NULL,
  `CorreoE` varchar(45) DEFAULT NULL,
  `validacion` int(11) DEFAULT NULL,
  `area` varchar(15) NOT NULL,
  `idUnidad` varchar(10) NOT NULL,
  PRIMARY KEY (`idGalardonado`),
  KEY `idUnidad_idx` (`idUnidad`),
  CONSTRAINT `idUnidad` FOREIGN KEY (`idUnidad`) REFERENCES `unidad` (`idUnidad`) ON DELETE CASCADE ON UPDATE CASCADE
) ENGINE=InnoDB DEFAULT CHARSET=utf8mb4 COLLATE=utf8mb4_unicode_ci;
/*!40101 SET character_set_client = @saved_cs_client */;

--
-- Dumping data for table `galardonado`
--

LOCK TABLES `galardonado` WRITE;
/*!40000 ALTER TABLE `galardonado` DISABLE KEYS */;
INSERT INTO `galardonado` VALUES ('C0001','Abril','González','Díaz','sanchez.barragan.rodrigo@gmail.com',0,'D','CECyT 1'),('C0002','Antonio','Chang','Tadeo','',0,'D','CECyT 13'),('C0003','Rafael','Pagaza','García','',0,'D','ENBA'),('C0004','Yadira','Fonseca','Sabater',NULL,0,'D','ENCB'),('C0005','Cristian','Jiménez','Martínez',NULL,0,'D','ENCB'),('C0006','Ruth Nalleli','Hilario','Juárez',NULL,0,'D','CIIDIR-OAX'),('C0007','Alfredo','Alonso','Calderón',NULL,0,'D','CECyT 1'),('C0008','Isabel','García','Hernández',NULL,0,'D','CECyT 1'),('C0009','Norma','Soriano','Garibay',NULL,0,'D','CECyT 1'),('C0010','Citlali','Ramírez','Díaz',NULL,0,'D','CECyT 1'),('C0011','Miguel','Carrillo','Moreno',NULL,0,'D','CECyT 1'),('C0012','Víctor Lorenzo','Peral','Almengor',NULL,0,'D','CECyT 2'),('C0013','Juan Francisco','Fabela','Jiménez',NULL,0,'D','CECyT 2'),('C0014','Celia Eliza','Labrada','Razo',NULL,0,'D','CECyT 2'),('C0015','Pablo','Velázquez','Torres',NULL,0,'D','CECyT 3'),('C0016','Alberto Antonio','Alvarado','Hernández',NULL,0,'D','CECyT 4'),('C0017','Norma Leticia','González','Avilés',NULL,0,'D','CECyT 4'),('C0018','José','Javier','Zárate',NULL,0,'D','CECyT 4'),('C0019','Miguel Ubaldo','Mendoza','García',NULL,0,'D','CECyT 6'),('C0020','Elia Martha','Solís','Esquivel',NULL,0,'D','CECyT 6'),('C0021','César','Bernache','González',NULL,0,'D','CECyT 7'),('C0022','Gabriel Eduardo','Contreras','Díaz',NULL,0,'D','CECyT 7'),('C0023','Guillermo','Gaspar','Grimaldo',NULL,0,'D','CECyT 7'),('C0024','Miriam Guadalupe','Ordorica','Salgado',NULL,0,'D','CECyT 7'),('C0025','Juan Manuel','Sierra','Márquez',NULL,0,'D','CECyT 7'),('C0026','Víctor Manuel','Bárcenas','García',NULL,0,'D','CECyT 8'),('C0027','José Enrique','Domínguez','Mendoza',NULL,0,'D','CECyT 8'),('C0028','Virginia','Rodríguez','Jiménez',NULL,0,'D','CECyT 8'),('C0029','José Luis','Velázquez','Hernández',NULL,0,'D','CECyT 8'),('C0030','María Eugenia','Flores','Olvera',NULL,0,'D','CECyT 9'),('C0031','María del Pilar','Galdoz','Vallejo',NULL,0,'D','CECyT 9'),('C0032','Araceli','Hernández','Pérez',NULL,0,'D','CECyT 9'),('C0033','Luis Ernesto','Rosales','Sánchez',NULL,0,'D','CECyT 9'),('C0034','Jaqueline','Rebollo','Paz',NULL,0,'D','CECyT 10'),('C0035','Alma Rosa','Martínez','Márquez',NULL,0,'D','CECyT 10'),('C0036','Armando','Aparicio','Pérez',NULL,0,'D','CECyT 11'),('C0037','Ernesto','Reyes','Ruiz',NULL,0,'D','CECyT 11'),('C0038','Leticia','Herrera','Ángeles',NULL,0,'D','CECyT 11'),('C0039','Marisa','Castro','Chávez',NULL,0,'D','CECyT 11'),('C0040','Alberto','Córdova','Miranda',NULL,0,'D','CECyT 11'),('C0041','Elvia Rosa','Ruiz','Ledezma',NULL,0,'D','CECyT 11'),('C0042','María Margarita','Chávez','Zúñiga',NULL,0,'D','CECyT 12'),('C0043','Eulalia','García','Sánchez',NULL,0,'D','CECyT 12'),('C0044','Tomás Leandro','Hernández','Ramírez',NULL,0,'D','CECyT 12'),('C0045','Sergio Ariosto','Hernández','Torres',NULL,0,'D','CECyT 12'),('C0046','Marina','Pacheco','Noriega',NULL,0,'D','CECyT 14'),('C0047','Wilfrido Apolonio','Flores','Medina',NULL,0,'D','CECyT 15'),('C0048','Javier Rodolfo','León','Cantero',NULL,0,'D','CECyT 15'),('C0049','Lilia','Ramírez','Acosta',NULL,0,'D','CECyT 15'),('C0050','Susana Ivonne','Nieto','Almaraz',NULL,0,'D','CET 1'),('C0051','Jesús','Hernández','Muñoz',NULL,0,'D','ESIME-Z'),('C0052','Leticia Gricel','Zapata','Díaz',NULL,0,'D','ESIME-TIC'),('C0053','Ángel Fernández','Del','Ángel',NULL,0,'D','ESIME-TIC'),('C0054','Víctor Manuel','Sauce','Rangel',NULL,0,'D','ESIME-TIC'),('C0055','María Guadalupe','Oropeza','Rodríguez',NULL,0,'D','ESIA-TEC'),('C0056','Miguel Ángel','Chargoy','Rodríguez',NULL,0,'D','ESIA-TEC'),('C0057','Raúl','Sánchez','Echegaray',NULL,0,'D','ESIA-TEC'),('C0058','Prócoro','Barrera','Nabor',NULL,0,'D','ESIA-TIC'),('C0059','José David','García','Díaz',NULL,0,'D','ESIA-TIC'),('C0060','María de Lourdes','Quintero','Torres',NULL,0,'D','ESIA-TIC'),('C0061','Fidel Roberto','Castellanos','Medina',NULL,0,'D','ESIA-Z'),('C0062','Eduardo Enrique','Corral','Carvajal',NULL,0,'D','ESIA-Z'),('C0063','Adriana Del Socorro','Cuevas','Morín',NULL,0,'D','ESIA-Z'),('C0064','César Fausto','Galvez','Hernández',NULL,0,'D','ESIA-Z'),('C0065','Gustavo','González','Naveda',NULL,0,'D','ESIA-Z'),('C0066','Camelia','Ramos','Ramos',NULL,0,'D','ESIA-Z'),('C0067','Juan Enrique','Olmedo','García',NULL,0,'D','ESIA-Z'),('C0068','Guillermo Irineo','Pérez','Téllez',NULL,0,'D','ESIA-Z'),('C0069','Jorge','Ancheyta','Juárez',NULL,0,'D','ESIQIE'),('C0070','Pedro Adolfo','Delgado','Maldonado',NULL,0,'D','ESIQIE'),('C0071','Gastón','Ortega','Moreno',NULL,0,'D','ESFM'),('C0072','José Agustín Francisco','Rodríguez','Pérez',NULL,0,'D','ESFM'),('C0073','José','Pérez','González',NULL,0,'D','ESFM'),('C0074','María de los Ángeles','Pérez','Guerrero',NULL,0,'D','ENCB'),('C0075','Luz Elena','Mateo','Cid',NULL,0,'D','ENCB'),('C0076','Felipe Neri','Rodríguez','Casasola',NULL,0,'D','ENCB'),('C0077','Sofía','Arellano','Cárdenas',NULL,0,'D','ENCB'),('C0078','Maribel','Castañeda','Herrera',NULL,0,'D','ENCB'),('C0079','Martha Cecilia','Moreno','Lafont',NULL,0,'D','ENCB'),('C0080','Liliana','Alamilla','Beltrán',NULL,0,'D','ENCB'),('C0081','Hortencia Noemí','Dávalos','Valle',NULL,0,'D','ENCB'),('C0082','César','Jiménez','Galicia',NULL,0,'D','ENCB'),('C0083','Adán Delbert Jesús','Pérez','Cascante',NULL,0,'D','ENMH'),('C0084','Miguel Ángel','Sánchez','Villar',NULL,0,'D','ENMH'),('C0085','Fernando','Zárate','Mondragón',NULL,0,'D','ENMH'),('C0086','Josefina','Hernández','Silva',NULL,0,'D','ESEO'),('C0087','Rosa','Ortiz','Rivera',NULL,0,'D','ESEO'),('C0088','Juan Francisco','Arteaga','Ángeles',NULL,0,'D','CICS-STO'),('C0089','Martha Patricia','Silva','Buenrostro',NULL,0,'D','CICS-STO'),('C0090','Martimiano','Bustos','Patricio',NULL,0,'D','ESCA-STO'),('C0091','Leopoldo Javier','Hernández','Hernández',NULL,0,'D','ESCA-STO'),('C0092','María Cristina','Vargas','Rosas',NULL,0,'D','ESCA-STO'),('C0093','María Patricia','Carrillo','Martínez',NULL,0,'D','ESCA-TEP'),('C0094','Georgina','Luviano','Rodríguez',NULL,0,'D','ESCA-TEP'),('C0095','Emerita Mónica','Martínez','Hernández',NULL,0,'D','ESCA-TEP'),('C0096','Rosa María','Poo','Sánchez',NULL,0,'D','ESCA-TEP'),('C0097','Javier','Rojas','Rojas',NULL,0,'D','ESCA-TEP'),('C0098','Javier','Romero','Peña',NULL,0,'D','ESCA-TEP'),('C0099','Yolanda de las Mercedes','Gómez','Y Gómez',NULL,0,'D','UPIBI'),('C0100','Enrique','Hernández','García',NULL,0,'D','UPIBI'),('C0101','Marcos','Contreras','Morales',NULL,0,'D','UPIBI'),('C0102','María de Lourdes','Moreno','Rivera',NULL,0,'D','UPIBI'),('C0103','Benito','Rizo','Zúñiga',NULL,0,'D','UPIBI'),('C0104','María Elena Rosales','Peña','Alfaro',NULL,0,'D','UPIBI'),('C0105','Hermilo','Sánchez','Pineda',NULL,0,'D','UPIBI'),('C0106','Flavio','Mancera','Olivares',NULL,0,'D','UPIIG-GUA'),('C0107','María Teresa','Cortina','Argueta',NULL,0,'D','UPIICSA'),('C0108','Eva','Cruz','Maldonado',NULL,0,'D','UPIICSA'),('C0109','Juan Carlos','Cruz','Romero',NULL,0,'D','UPIICSA'),('C0110','Adolfo','del Razo','Hernández',NULL,0,'D','UPIICSA'),('C0111','Artemio','Evangelista','Calixto',NULL,0,'D','UPIICSA'),('C0112','José Luis','García','Rodríguez',NULL,0,'D','UPIICSA'),('C0113','Lucinda','González','Ruiz',NULL,0,'D','UPIICSA'),('C0114','María Ruth Araceli','Lázaro','de la Cruz',NULL,0,'D','UPIICSA'),('C0115','Juvenal','Mendoza','Valencia',NULL,0,'D','UPIICSA'),('C0116','Serafín','Prado','Ponce',NULL,0,'D','UPIICSA'),('C0117','José Miguel','Sandoval','González',NULL,0,'D','UPIICSA'),('C0118','Víctor Manuel','Suárez','Bonilla',NULL,0,'D','UPIICSA'),('C0119','Claudia Marina','Vicario','Solórzano',NULL,0,'D','UPIICSA'),('C0120','Víctor Rogelio','Castrejón','Gómez',NULL,0,'D','CEPROBI'),('C0121','Alma Angélica','Del Villar','Martínez',NULL,0,'D','CEPROBI'),('C0122','Guillermina','González','Rosendo',NULL,0,'D','CEPROBI'),('C0123','Mario','Rodríguez','Monroy',NULL,0,'D','CEPROBI'),('C0124','Pablo','Manríque','Ramírez',NULL,0,'D','CIC'),('C0125','Antonio','Ortiz','Islas',NULL,0,'D','CIC'),('C0126','Roberto','Herrera','Charles',NULL,0,'D','CITEDI'),('C0127','Ma Teresa','Ayala','Sánchez',NULL,0,'D','CIIDIR-MIC'),('C0128','Claudia Patricia','Villalobos','Monroy',NULL,0,'D','CII'),('C0129','Marco Antonio','Baca','Bibriesca',NULL,0,'D','DCH'),('C0130','Javier','López','Zamorano',NULL,0,'D','DCH'),('C0131','Lucas Ricardo','Tejero','Andrade',NULL,0,'D','DCH'),('C0132','Mónica','Ortega','Salcedo',NULL,0,'D','DEV'),('C0133','Lucila','Cobian','García',NULL,0,'D','CPS'),('C0134','Juan','Morgado','Cantellano',NULL,0,'D','CECyT 2'),('C0135','Pedro','Arce','Arechiga',NULL,0,'D','CECyT 2'),('C0136','Francisco Javier','Cruz','García',NULL,0,'D','CECyT 9'),('C0137','Marcos Antonio','Elizondo','Vega',NULL,0,'D','CECyT 11'),('C0138','Nereida','Bérchiman','Arce',NULL,0,'D','CECyT 12'),('C0139','Rafael','Hernández','Ibarra',NULL,0,'D','ESIME-AZC'),('C0140','Rubén','Aguirre','Aguirre',NULL,0,'D','ESIME-AZC'),('C0141','Teresa','Dávila','Ortíz',NULL,0,'D','ESIME-Z'),('C0142','Jorge','Mosqueda','Hernández',NULL,0,'D','ESIME-TIC'),('C0143','Jorge Arturo','Ángeles','Valencia',NULL,0,'D','ESIA-TEC'),('C0144','Jaime','Rueda','Gaxiola',NULL,0,'D','ESIA-TIC'),('C0145','Francisco','Casanova','del Ángel',NULL,0,'D','ESIA-Z'),('C0146','Marcia','Meneses','de los Reyes',NULL,0,'D','ESIA-Z'),('C0147','Mario','Ulloa','Ramírez',NULL,0,'D','ESIA-Z'),('C0148','Efrén','Urbina','Valle',NULL,0,'D','ESIQIE'),('C0149','Enrique','Aguilar','Rodríguez',NULL,0,'D','ESIQIE'),('C0150','Hortensia Amelia','Pulido','Alfaro',NULL,0,'D','ESIQIE'),('C0151','Ignacio','Vargas','Bravo',NULL,0,'D','ESIQIE'),('C0152','José Luis','Gordillo','Mendoza',NULL,0,'D','ESIQIE'),('C0153','Juan Manuel','Moreyra','Mercado',NULL,0,'D','ESIQIE'),('C0154','Roberto','Ochoa','Hernández',NULL,0,'D','ESIQIE'),('C0155','Carlos','Rentería','Márquez',NULL,0,'D','ESFM'),('C0156','Elia','Olea','Deserti',NULL,0,'D','ESCA-STO'),('C0157','Ricardo','Cárdenas','Garduño',NULL,0,'D','ESE'),('C0158','Cutberto José Juvencio','Galindez','Mayer',NULL,0,'D','ENCB'),('C0159','Ángela Catalina','Mendoza','González',NULL,0,'D','ENCB'),('C0160','Guillermo','Olarte','González',NULL,0,'D','ENCB'),('C0161','Raquel','Toledano','Camacho',NULL,0,'D','ENCB'),('C0162','María del Carmen','Oliver','Salvador',NULL,0,'D','UPIBI'),('C0163','Rafael','Esquivel','Pantoja',NULL,0,'D','UPIICSA'),('C0164','Rafael Ángel','Matos','y Santos',NULL,0,'D','SIP'),('P0001','Carolina','Bernal','Galindo',NULL,0,'A','CECyT 1'),('P0002','Verónica','Mena','Bureos',NULL,0,'A','CECyT 1'),('P0003','Itza Diana','Martínez','González',NULL,0,'A','CECyT 1'),('P0004','Miriam','Frausto','Cortés',NULL,0,'A','CECyT 2'),('P0005','Silvia Viridiana','Baca','Terán',NULL,0,'A','CECyT 2'),('P0006','Martha Patricia','Alejandre','Fortanneyl',NULL,0,'A','CECyT 3'),('P0007','Leslye Belem','Hernández','Martínez',NULL,0,'A','CECyT 4'),('P0008','María Teresa','López','Flores',NULL,0,'A','CECyT 4'),('P0009','Jorge Luis','Montes','López',NULL,0,'A','CECyT 4'),('P0010','Marcos','Carmona','Palma',NULL,0,'A','CECyT 5'),('P0011','Ángel','Sánchez','Aldana',NULL,0,'A','CECyT 6'),('P0012','Laura','García','Martínez',NULL,0,'A','CECyT 6'),('P0013','Patricia','Ruíz','Barrientos',NULL,0,'A','CECyT 6'),('P0014','Nelly Ivonne','Velázquez','López',NULL,0,'A','CECyT 7'),('P0015','Estela Guadalupe','Villavicencio','Hernández',NULL,0,'A','CECyT 7'),('P0016','Josué David','Flores','Jiménez',NULL,0,'A','CECyT 7'),('P0017','Joaquin Alejandro','Nares','Miller',NULL,0,'A','CECyT 8'),('P0018','Adriana','Martínez','Leal',NULL,0,'A','CECyT 8'),('P0019','Fabiola Minerva','Silva','Arochi',NULL,0,'A','CECyT 8'),('P0020','Marco Antonio','Patiño','Mejía',NULL,0,'A','CECyT 9'),('P0021','Miguel Ángel','Ramírez','Calnacasco',NULL,0,'A','CECyT 9'),('P0022','Dulce Maritza','Salvador','Prado',NULL,0,'A','CECyT 9'),('P0023','Sandra Leticia','Herrera','Guitrón',NULL,0,'A','CECyT 10'),('P0024','Alejandra','Cortés','Vargas',NULL,0,'A','CECyT 10'),('P0025','Jaime Ramón','Andrade','Medina',NULL,0,'A','CECyT 10'),('P0026','Francisco Javier','Arteaga','Camarillo',NULL,0,'A','CECyT 11'),('P0027','José Arturo','Alfaro','Chacón',NULL,0,'A','CECyT 11'),('P0028','Ezequiel','Ríos','Márquez',NULL,0,'A','CECyT 11'),('P0029','Antonio','Olmedo','Batalla',NULL,0,'A','CECyT 12'),('P0030','María Del Carmen','Quiroz','Gómez',NULL,0,'A','CECyT 12'),('P0031','Marcial','Naranjo','Morgan',NULL,0,'A','CECyT 12'),('P0032','Marilú','Ojeda','Valera',NULL,0,'A','CECyT 13'),('P0033','Jaqueline','Carrillo','Huerta',NULL,0,'A','CECyT 13'),('P0034','María Del Rosario Natalia','Ruíz','Martínez',NULL,0,'A','CECyT 14'),('P0035','José Ángel','Frausto','Ruelas',NULL,0,'A','CECyT 14'),('P0036','Astrid Montserrat','García','Pastor',NULL,0,'A','CECyT 14'),('P0037','Jaime','Sierra','Garcés',NULL,0,'A','CECyT 15'),('P0038','Eréndida','Reynoso','Castillo',NULL,0,'A','CECyT 15'),('P0039','María','Estela','Martínez',NULL,0,'A','CECyT 15'),('P0040','Verónica','Liberato','Segura',NULL,0,'A','CECyT 16'),('P0041','Renata','Hernández','Hernández',NULL,0,'A','CECyT 16'),('P0042','Mercedes','Cano','Ramírez',NULL,0,'A','CECyT 16'),('P0043','Lina Marisol','Carranco','Lozada',NULL,0,'A','CECyT 17'),('P0044','Linda Berenice','Aguirre','Alanis',NULL,0,'A','CECyT 17'),('P0045','Luis Andrés','Martell','Briones',NULL,0,'A','CECyT 18'),('P0046','Eugenia Isabel','Gómez','García',NULL,0,'A','CECyT 18'),('P0047','Lizbeth Andrea','Álvarez','Naal',NULL,0,'A','CET 1'),('P0048','Jesús','Hernández','López',NULL,0,'A','CET 1'),('P0049','María Juana','Serrano','Melesio',NULL,0,'A','CET 1'),('P0050','Leticia Elena','Trujillo','Mutio',NULL,0,'A','ESIME-Z'),('P0051','Abdon','Cruz','Sandoval',NULL,0,'A','ESIME-CU'),('P0052','Esther','Rubio','Durán',NULL,0,'A','ESIME-AZC'),('P0053','Esperanza','Márquez','Gómez',NULL,0,'A','ESIME-TIC'),('P0054','Elisa','Aguilar','Pérez',NULL,0,'A','ESIME-TIC'),('P0055','José Luis','Hernández','Duarte',NULL,0,'A','ESIME-TIC'),('P0056','José Francisco Rafael','García','González',NULL,0,'A','ESIA-Z'),('P0057','Fernando','De La Cruz','Guzmán',NULL,0,'A','ESIA-Z'),('P0058','Francisco','Saldaña','Álvarez',NULL,0,'A','ESIA-Z'),('P0059','Alejandra','Aguilar','Vizarretea',NULL,0,'A','ESIA-TIC'),('P0060','Karen','Salamanca','Villanueva',NULL,0,'A','ESIA-TIC'),('P0061','Martín','Razo','Meza',NULL,0,'A','ESIA-TIC'),('P0062','Rosalía','Benítez','Castillo',NULL,0,'A','ESIA-TEC'),('P0063','Luis Alberto','Núñez','Ramírez',NULL,0,'A','ESIA-TEC'),('P0064','Angela María De Jesús','Sánchez','Quiroz',NULL,0,'A','ESIA-TEC'),('P0065','Carlos','Aguilar','López',NULL,0,'A','ESIT'),('P0066','Carlos Enrique','Puga','Morales',NULL,0,'A','ESIT'),('P0067','Esther Lucille','Téllez','Martínez',NULL,0,'A','ESIT'),('P0068','Juana María','Yáñez','Castro',NULL,0,'A','ESIQIE'),('P0069','Susana','Artega','González',NULL,0,'A','ESIQIE'),('P0070','Enrique','Ramírez','Arias',NULL,0,'A','ESFM'),('P0071','José Alfredo','Romero','Mendoza',NULL,0,'A','ESFM'),('P0072','Laura','Vázquez','Campos',NULL,0,'A','ESFM'),('P0073','María Del Carmen','Aguilar','Carranco',NULL,0,'A','ESCOM'),('P0074','Itzia Josefina','Sánchez','Ordaz',NULL,0,'A','ESCOM'),('P0075','Patricia','Romero','González',NULL,0,'A','ENCB'),('P0076','Cirenia','García','Vélez',NULL,0,'A','ENCB'),('P0077','Janiz','Ramírez','García',NULL,0,'A','ENMH'),('P0078','Francisco','Solórzano','González',NULL,0,'A','ENMH'),('P0079','Miguel Ángel','Canizal','Díaz',NULL,0,'A','ENMH'),('P0080','Marcelino','Guzmán','Gallardo',NULL,0,'A','ESEO'),('P0081','Ofelia','Bonilla','Alvarado',NULL,0,'A','ESEO'),('P0082','Josué Omar','Barrios','Rodríguez',NULL,0,'A','CICS-STO'),('P0083','José Antonio','Ordoñez','Sánchez',NULL,0,'A','CICS-STO'),('P0084','Francisco Javier','Sánchez','Romero',NULL,0,'A','ESCA-STO'),('P0085','Gabriel','Brizuela','Herrera',NULL,0,'A','ESCA-STO'),('P0086','Mario Oscar','Hernández','Huerta',NULL,0,'A','ESCA-STO'),('P0087','Juan Carlos','Becerril','Becerril',NULL,0,'A','ESCA-TEP'),('P0088','Alma Leticia','Estrada','Laija',NULL,0,'A','ESCA-TEP'),('P0089','María De Lourdes','Robles','Espinoza',NULL,0,'A','ESCA-TEP'),('P0090','Antonio Eder','Ramírez','Muñoz',NULL,0,'A','ESE'),('P0091','Natalia','Nieto','Maya',NULL,0,'A','ESE'),('P0092','Diana','Moreno','Silva',NULL,0,'A','ESE'),('P0093','Karen Viviana','Alvarado','Procuna',NULL,0,'A','EST'),('P0094','Pedro','Mejía','Elizondo',NULL,0,'A','EST'),('P0095','Sigifredo','Navarrete','de la Paz',NULL,0,'A','EST'),('P0096','Maribel','Rosas','Cortez',NULL,0,'A','UPIBI'),('P0097','Graciela','Carranza','Duque',NULL,0,'A','UPIBI'),('P0098','Paola Gicela','Bustamante','Báez',NULL,0,'A','UPIBI'),('P0099','Carlos Andrei','Barrera','González',NULL,0,'A','UPIICSA'),('P0100','Bárbara Buendía','De Paz','Paz',NULL,0,'A','UPIICSA'),('P0101','María Del Pilar','Juárez','Pérez',NULL,0,'A','UPIICSA'),('P0102','Margarita','Pérez','Vallejo',NULL,0,'A','UPIITA'),('P0103','Karla María','Peduzzi','Ortiz',NULL,0,'A','UPIITA'),('P0104','Diana Rocío','García','Patiño',NULL,0,'A','UPIIG-GUA'),('P0105','Elsa','Campos','Chagoya',NULL,0,'A','UPIIG-GUA'),('P0106','Jaime','Uribe','Rojas',NULL,0,'A','UPIIG-GUA'),('P0107','Gustavo Adolfo','de Lira','Carrillo',NULL,0,'A','UPIIZ'),('P0108','Gabriela Del Carmen','Orozco','Ortega',NULL,0,'A','UPIIZ'),('P0109','Juana Eréndira','Galván','Rodríguez',NULL,0,'A','UPIIZ'),('P0110','Sara','Vicencio','González',NULL,0,'A','CBG'),('P0111','María Del Carmen','Martínez','Mascorro',NULL,0,'A','CBG'),('P0112','Silvia Susana','Fernández','Dávila',NULL,0,'A','CBG'),('P0113','Buenaventura Miriam','Sánchez','Alemán',NULL,0,'A','CEPROBI'),('P0114','Claudia','Bonilla','Altamirano',NULL,0,'A','CEPROBI'),('P0115','Citlalli','Gómez','Aguilar',NULL,0,'A','CIDETEC'),('P0116','Jenny','Trejo','Aguilar',NULL,0,'A','CIDETEC'),('P0117','Héctor','Flores','Pérez',NULL,0,'A','CIITEC'),('P0118','Miguel Ángel','Hernández','Rocha',NULL,0,'A','CIITEC'),('P0119','Enrique','Verona','Fuentes',NULL,0,'A','CIITEC'),('P0120','Artemio','González','Zamudio',NULL,0,'A','CICATA-LEG'),('P0121','Adrián','Jiménez','Mendoza',NULL,0,'A','CICATA-LEG'),('P0122','Karen Irazú','Hernández','Rubio',NULL,0,'A','CICATA-LEG'),('P0123','Norma Alicia','Caltenco','Arceo',NULL,0,'A','CICATA-QUE'),('P0124','Karla Elena','Aguilar','Estrada',NULL,0,'A','CICATA-QUE'),('P0125','Claudia','Martínez','Ballesteros',NULL,0,'A','CIC'),('P0126','Ángel','Leal','Orozco',NULL,0,'A','CITEDI'),('P0127','Irma Rosa','Montero','Sánchez',NULL,0,'A','CITEDI'),('P0128','Ernesto','Castro','Y Castro',NULL,0,'A','CITEDI'),('P0129','Martha Alicia','López','Medina',NULL,0,'A','CIECAS'),('P0130','María Julieta','Muñoz','Acosta',NULL,0,'A','CIECAS'),('P0131','Gabriela Faviola','Garcia','Gallegos',NULL,0,'A','CICIMAR'),('P0132','Jesús Adriana','Toledo','Acosta',NULL,0,'A','CICIMAR'),('P0133','Juan Ramón','Cota','Gaynor',NULL,0,'A','CICIMAR'),('P0134','Monserrat','Veraza','Hernández',NULL,0,'A','CIIDIR-DUR'),('P0135','Maribel','Martínez','Ramírez',NULL,0,'A','CIIDIR-OAX'),('P0136','Julio Alberto','Alanís','Rabanales',NULL,0,'A','CIIDIR-OAX'),('P0137','Hipólito','Hernández','Pérez',NULL,0,'A','CIIDIR-OAX'),('P0138','Cynthia Marisol','Méndez','Castañeda',NULL,0,'A','CNC'),('P0139','Alejandra Isabel','Pacheco','Martínez',NULL,0,'A','CNC'),('P0140','Nayeli','Blanco','Vázquez',NULL,0,'A','CNC'),('P0141','Verónica Edith','Cruz','Caballero',NULL,0,'A','CII'),('P0142','Javier','González','Rendón',NULL,0,'A','CII'),('P0143','Ana María','Jiménez','Collado',NULL,0,'A','CII'),('P0144','Martín','Padrón','Castillo',NULL,0,'A','SG'),('P0145','Ma. del Socorro','Rodríguez','Alonso',NULL,0,'A','SG'),('P0146','Gudelia','Pacheco','Tapia',NULL,0,'A','SG'),('P0147','Sergio Yair','Xicoténcatl','Llera',NULL,0,'A','DDP'),('P0148','Juan Carlos','Ruíz','Vera',NULL,0,'A','SG'),('P0149','Margarita','García','Vidrio',NULL,0,'A','SG'),('P0150','Guadalupe','Chávez','González',NULL,0,'A','DEMS'),('P0151','Araceli','Vázquez','Betancourt',NULL,0,'A','DEMS'),('P0152','Alfredo Erasto','Ortíz','Rodríguez',NULL,0,'A','DFIE'),('P0153','Rita Laura','López','Espinosa',NULL,0,'A','DFIE'),('P0154','Itzel','Zárate','Bernal',NULL,0,'A','DFIE'),('P0155','Guadalupe','Márquez','Sánchez',NULL,0,'A','DEV'),('P0156','Vania Dolores','Rivera','Román',NULL,0,'A','SIP'),('P0157','Jesús','Juárez','Ticante',NULL,0,'A','DVDR'),('P0158','Erika Lesvia','Perrusquia','Aguirre',NULL,0,'A','DVDR'),('P0159','Macarena','Blando','Chávez',NULL,0,'A','DVDR'),('P0160','Óscar Daniel','Santamaría','Lugo',NULL,0,'A','DPIT'),('P0161','Brandon','Dávila','Esquivel',NULL,0,'A','SSE'),('P0162','Ana Ruth','Morales','Cruz',NULL,0,'A','DDC'),('P0163','Xavier','Oropeza','Orozco',NULL,0,'A','DDC'),('P0164','Ana Victoria','Ruiz','Patiño',NULL,0,'A','DDC'),('P0165','Eduardo','López','Gloria',NULL,0,'A','DAD'),('P0166','Rosa María','De Jesús','Hernández',NULL,0,'A','DAD'),('P0167','Eder Fernando','González','Copto',NULL,0,'A','DAD'),('P0168','David Alberto','Gómez','Villagómez',NULL,0,'A','DBP'),('P0169','Ma. del Carmen','Alegría','Vargas',NULL,0,'A','DBP'),('P0170','Halina Paulette','Cruz','Vargas',NULL,0,'A','DCH'),('P0171','Jazmín Ivonne','González','González',NULL,0,'A','DCH'),('P0172','Diana','Rodríguez','Santos',NULL,0,'A','DCH'),('P0173','María Guadalupe','Medina','Méndez',NULL,0,'A','DRMI'),('P0174','Alejandra','Pérez','Hernández',NULL,0,'A','DRMI'),('P0175','Javier Alejandro','Llamas','Enciso',NULL,0,'A','DRMI'),('P0176','Tiburcio','González','Rodríguez',NULL,0,'A','DSG'),('P0177','José De Jesús','Muñoz','Ferrusca',NULL,0,'A','DSG'),('P0178','Roberto','Ruiz','Mendoza',NULL,0,'A','DSG'),('P0179','Luis Paul','Gutiérrez','Hernández',NULL,0,'A','DCC'),('P0180','Víctor Alejandro','Olivares','Hernández',NULL,0,'A','DCC'),('P0181','Margarita','Romero','Romero',NULL,0,'A','CECyT 1'),('P0182','Verónica','Márquez','Martínez',NULL,0,'A','CECyT 1'),('P0183','Emilio','Gutiérrez','Reyes',NULL,0,'A','CECyT 1'),('P0184','Marcelo','Serralde','Becerril',NULL,0,'A','CECyT 1'),('P0185','Aurelio','Falcón','Cruz',NULL,0,'A','CECyT 1'),('P0186','Jaime','Cervantes','',NULL,0,'A','CECyT 1'),('P0187','Jesús','Bravo','Guerra',NULL,0,'A','CECyT 2'),('P0188','Hugo Hermilio','Bravo','Guerra',NULL,0,'A','CECyT 2'),('P0189','Juan','Paz','Ortiz',NULL,0,'A','CECyT 2'),('P0190','María Concepción','Sánchez','Barragán',NULL,0,'A','CECyT 3'),('P0191','Andrés','Díaz','Meléndez',NULL,0,'A','CECyT 3'),('P0192','Ramón','Chávez','Gutiérrez',NULL,0,'A','CECyT 4'),('P0193','Lezli Raquel','Cortés','Neria',NULL,0,'A','CECyT 5'),('P0194','Antonio','Ramírez','Barrera',NULL,0,'A','CECyT 6'),('P0195','María Mireya','Cristino','Castillo',NULL,0,'A','CECyT 7'),('P0196','Irma','Escobar','Aguirre',NULL,0,'A','CECyT 8'),('P0197','Óscar','Paz','Orzuna',NULL,0,'A','CECyT 8'),('P0198','Lidia','Rodríguez','Gálvez',NULL,0,'A','CECyT 8'),('P0199','Martha Antonieta','Morales','Morquecho',NULL,0,'A','CECyT 9'),('P0200','María Guadalupe','Contreras','Verde',NULL,0,'A','CECyT 9'),('P0201','Marisol','Landeros','Rojas',NULL,0,'A','CECyT 9'),('P0202','Lilia','García','Aguilar',NULL,0,'A','CECyT 10'),('P0203','Nobelia','Martínez','Lozano',NULL,0,'A','CECyT 10'),('P0204','Martha Patricia','Gómez','Pérez',NULL,0,'A','CECyT 11'),('P0205','Guadalupe','Hernández','Félix',NULL,0,'A','CECyT 11'),('P0206','Omar','Rivero','Hernández',NULL,0,'A','CECyT 11'),('P0207','Emelia','Eguiluz','Alanis',NULL,0,'A','CECyT 11'),('P0208','Héctor','Castillo','Toledo',NULL,0,'A','CECyT 12'),('P0209','Noemí','Cruz','Carrasco',NULL,0,'A','CECyT 13'),('P0210','María Rosalba Maricela','Jiménez','Islas',NULL,0,'A','CECyT 15'),('P0211','Raúl','Medina','Flores',NULL,0,'A','CECyT 15'),('P0212','Tomás','Meza','Núñez',NULL,0,'A','CECyT 15'),('P0213','Francisco Daniel','Ocampo','Sánchez',NULL,0,'A','CECyT 15'),('P0214','Josefina','Pineda','Villanueva',NULL,0,'A','CECyT 15'),('P0215','José Francisco','Gil','Ortíz',NULL,0,'A','CET 1'),('P0216','Juan Manuel Alejandro','Toledo','Sánchez',NULL,0,'A','CET 1'),('P0217','Estela','Ahuactzin','Linares',NULL,0,'A','CET 1'),('P0218','Sergio Gabriel','Govantes','Rodríguez',NULL,0,'A','ESIME-Z'),('P0219','Yessica Eugenia','Bernal','Sánchez',NULL,0,'A','ESIME-Z'),('P0220','María Marisa','Pacheco','Hernández',NULL,0,'A','ESIME-Z'),('P0221','María Del Pilar Regina','González','Suárez',NULL,0,'A','ESIME-Z'),('P0222','José Darinel','Hidalgo','Utrilla',NULL,0,'A','ESIME-TIC'),('P0223','Mónica','Fuentes','Mendoza',NULL,0,'A','ESIA-Z'),('P0224','Martha Rosa','García','Aguilar',NULL,0,'A','ESIA-Z'),('P0225','Patricia','Guerrero','Arriaga',NULL,0,'A','ESIA-Z'),('P0226','Gaspar','Hernández','Balderas',NULL,0,'A','ESIA-Z'),('P0227','María Patricia','Bertha','Ramírez',NULL,0,'A','ESIA-Z'),('P0228','Silvia','Morales','Morales',NULL,0,'A','ESIA-Z'),('P0229','Guillermina','García','',NULL,0,'A','ESIA-TEC'),('P0230','Jorge Alfredo','Montero','Silva',NULL,0,'A','ESIA-TEC'),('P0231','Lorenzo','Valles','Blanco',NULL,0,'A','ESIA-TEC'),('P0232','Martha','Arriaga','Pliego',NULL,0,'A','ESIA-TEC'),('P0233','Guadalupe Patricia','Ortiz','Ramírez',NULL,0,'A','ESIA-TIC'),('P0234','Leopoldo','Muñiz','Olivares',NULL,0,'A','ESIT'),('P0235','Julia','Flores','Martínez',NULL,0,'A','ESIQIE'),('P0236','Rafael','Montoro','Guerrero',NULL,0,'A','ESFM'),('P0237','Georgina','Escamilla','Salazar',NULL,0,'A','ESFM'),('P0238','Maricela','Ramírez','Palomino',NULL,0,'A','ESFM'),('P0239','Concepción','Guzmán','Ricardez',NULL,0,'A','EST'),('P0240','Octavio','Roldán','Cervantes',NULL,0,'A','EST'),('P0241','Jorge','Retana','Garduño',NULL,0,'A','ENCB'),('P0242','Raúl','Lázaro','García',NULL,0,'A','ENCB'),('P0243','María Del Rocío','Meza','Aceves',NULL,0,'A','ENCB'),('P0244','Enrique','Rivas','López',NULL,0,'A','ENCB'),('P0245','Rocío','Eretza','Romero',NULL,0,'A','ENCB'),('P0246','Narciso','Vázquez','Hernández',NULL,0,'A','ENCB'),('P0247','Socorro','González','Victoria',NULL,0,'A','ENMH'),('P0248','Marisela','Rojas','León',NULL,0,'A','CICS-STO'),('P0249','Maximiliano','Uribe','Hernández',NULL,0,'A','CICS-STO'),('P0250','Sergio','Arroyo','Ramirez',NULL,0,'A','ESCA-STO'),('P0251','Miguel Ángel','Gutiérrez','Ávila',NULL,0,'A','ESCA-STO'),('P0252','Luis Ernesto','Rodea','Salinas',NULL,0,'A','ESCA-STO'),('P0253','Verónica','Soto','Castañeda',NULL,0,'A','ESCA-STO'),('P0254','Ma Paulina','Zamudio','Rivera',NULL,0,'A','ESCA-STO'),('P0255','Laura','Calnacasco','Jiménez',NULL,0,'A','ESCA-TEP'),('P0256','Cecilia Guadalupe','Flores','Sánchez',NULL,0,'A','ESCA-TEP'),('P0257','Silvia','Guerrero','Calderón',NULL,0,'A','ESCA-TEP'),('P0258','Martha Laura','García','Esparragoza',NULL,0,'A','ESE'),('P0259','José Cruz','Solano','Guzmán',NULL,0,'A','ESE'),('P0260','Fabian','Medrano','Ibarra',NULL,0,'A','ESE'),('P0261','Hilda','Camacho','Mendoza',NULL,0,'A','UPIBI'),('P0262','Rebeca','Camargo','Pedraza',NULL,0,'A','UPIBI'),('P0263','Ana María','Juárez','Vargas',NULL,0,'A','UPIBI'),('P0264','Blanca','Martínez','Aragón',NULL,0,'A','UPIBI'),('P0265','Pedro','Navarro','Medrano',NULL,0,'A','UPIBI'),('P0266','Francisco Alejandro','Rios','Coria',NULL,0,'A','UPIBI'),('P0267','Laura','Aquino','López',NULL,0,'A','UPIICSA'),('P0268','Norma','Buendía','Trejo',NULL,0,'A','UPIICSA'),('P0269','Francisco Manuel','García','Montes',NULL,0,'A','UPIICSA'),('P0270','Reyna Isabel','Gutiérrez','Gómez',NULL,0,'A','UPIICSA'),('P0271','Marco Antonio','Márquez','Santos',NULL,0,'A','UPIICSA'),('P0272','Antonio','Martínez','Maciel',NULL,0,'A','UPIICSA'),('P0273','Esteban','Martínez','Maciel',NULL,0,'A','UPIICSA'),('P0274','Angelina','Molina','Victoria',NULL,0,'A','UPIICSA'),('P0275','Bernardo','González','Gómez',NULL,0,'A','CEPROBI'),('P0276','Faustina Donaciana','González','Orea',NULL,0,'A','CEPROBI'),('P0277','Teresa','Rodríguez','Díaz',NULL,0,'A','CEPROBI'),('P0278','Laura','Terán','Cid',NULL,0,'A','CEPROBI'),('P0279','Lázaro','García','Paniagua',NULL,0,'A','CIC'),('P0280','Antonio','Gómez','Hernández',NULL,0,'A','CIC'),('P0281','Juán Ramón','Cota','Gaynor',NULL,0,'A','CICIMAR'),('P0282','Luz del Carmen','Andrade','Sánchez',NULL,0,'A','CIIDIR-MIC'),('P0283','Roberto','de Luna','Jaime',NULL,0,'A','CII'),('P0284','José Javier','Mejia','Valencia',NULL,0,'A','CII'),('P0285','Vicente','Ruiz','Ordorica',NULL,0,'A','SG'),('P0286','Ana Alejandra','Islas','Cortés',NULL,0,'A','SG'),('P0287','Alicia','Durán','Olguín',NULL,0,'A','DDC'),('P0288','Magdalena Nicte-Ha','Estrello','Estrello',NULL,0,'A','DDC'),('P0289','Josefina','Mendoza','López',NULL,0,'A','DBP'),('P0290','María Isabel','Arista','Mendoza',NULL,0,'A','DBP'),('P0291','René Salvador','Álvarez','Arámbula',NULL,0,'A','DBP'),('P0292','Nohemí','Sánchez','Arizmendi',NULL,0,'A','DAD'),('P0293','Rebeca','Guinto','Martínez',NULL,0,'A','DCH'),('P0294','Guadalupe Araceli','Ramírez','Loyola',NULL,0,'A','DCH'),('P0295','María de los Angeles','Rendón','Márquez',NULL,0,'A','DCH'),('P0296','María Soledad','Guerra','Alcántara',NULL,0,'A','DRMI'),('P0297','Rafael','González','Rodríguez',NULL,0,'A','DSG'),('P0298','Rosa María','Trejo','Juárez',NULL,0,'A','DBP'),('P0299','Hugo Romeo','Herrera','Velásquez',NULL,0,'A','DAD');
/*!40000 ALTER TABLE `galardonado` ENABLE KEYS */;
UNLOCK TABLES;

--
-- Table structure for table `unidad`
--

DROP TABLE IF EXISTS `unidad`;
/*!40101 SET @saved_cs_client     = @@character_set_client */;
/*!40101 SET character_set_client = utf8 */;
CREATE TABLE `unidad` (
  `idUnidad` varchar(10) NOT NULL,
  `idDirector` varchar(10) NOT NULL,
  `Nombre` varchar(100) NOT NULL,
  `Area` varchar(10) NOT NULL,
  PRIMARY KEY (`idUnidad`,`idDirector`),
  KEY `idDirector_idx` (`idDirector`),
  CONSTRAINT `idDirector1` FOREIGN KEY (`idDirector`) REFERENCES `director` (`idDirector`) ON DELETE CASCADE ON UPDATE CASCADE
) ENGINE=InnoDB DEFAULT CHARSET=utf8mb4 COLLATE=utf8mb4_unicode_ci;
/*!40101 SET character_set_client = @saved_cs_client */;

--
-- Dumping data for table `unidad`
--

LOCK TABLES `unidad` WRITE;
/*!40000 ALTER TABLE `unidad` DISABLE KEYS */;
INSERT INTO `unidad` VALUES ('CBG','11163','Centro de Biotecnología Genómica','I'),('CECyT 1','11111','Centro de Estudios Centíficos y Tecnológicos 1 \"Gonzálo Vázquez Vela\"','M'),('CECyT 10','11124','Centro de Estudios Centíficos y Tecnológicos 10 \"Carlos Vallejo Márquez\"','M'),('CECyT 11','11125','Centro de Estudios Centíficos y Tecnológicos 11 \"Wilfrido Massieu\"','M'),('CECyT 12','11126','Centro de Estudios Centíficos y Tecnológicos 12 \"José María Morelos\"','M'),('CECyT 13','11112','Centro de Estudios Centíficos y Tecnológicos 13 \"Ricardo Flores Magón\"','M'),('CECyT 14','11128','Centro de Estudios Centíficos y Tecnológicos 14 \"Luis Enrique Erro\"','M'),('CECyT 15','11129','Centro de Estudios Centíficos y Tecnológicos 15 \"Diódoro Antúnez Echegaray\"','M'),('CECyT 16','11155','Centro de Estudios Científicos y Tecnológicos 16 “Hidalgo”','M'),('CECyT 17','11156','Centro de Estudios Científicos y Tecnológicos 17 “León, Guanajuato”','M'),('CECyT 18','11157','Centro de Estudios Científicos y Tecnológicos 18 “Zacatecas”','M'),('CECyT 2','11116','Centro de Estudios Centíficos y Tecnológicos 2 \"Miguel Bernard\"','M'),('CECyT 3','11117','Centro de Estudios Centíficos y Tecnológicos 3 \"Estanislao Ramírez Ruíz\"','M'),('CECyT 4','11118','Centro de Estudios Centíficos y Tecnológicos 4 \"Lázaro Cárdenas\"','M'),('CECyT 5','11119','Centro de Estudios Centíficos y Tecnológicos 5 \"Benito Juárez\"','M'),('CECyT 6','11120','Centro de Estudios Centíficos y Tecnológicos 6 \"Miguel Othón de Mendizábal\"','M'),('CECyT 7','11121','Centro de Estudios Centíficos y Tecnológicos 7 \"Cuauhtémoc\"','M'),('CECyT 8','11122','Centro de Estudios Centíficos y Tecnológicos 8 \"Narciso Bassols\"','M'),('CECyT 9','11123','Centro de Estudios Centíficos y Tecnológicos 9 \"Juan de Dios Bátiz\"','M'),('CEPROBI','11145','Centro de Desarrollo de Productos Bióticos','I'),('CET 1','11130','Centro de Estudios Tecnológicos 1 “Walter Cross Buchanan”','M'),('CIC','11146','Centro de Investigación en Computación','I'),('CICATA-LEG','11166','Centro de Investigación en Ciencia Aplicada y Tecnología Avanzada Unidad Legaria','I'),('CICATA-QUE','11167','Centro de Investigación en Ciencia Aplicada y Tecnología Avanzada Unidad QUERÉTARO','I'),('CICIMAR','11169','Centro Interdisciplinario de Ciencias Marinas','I'),('CICS-STO','11139','Centro Interdisciplinario de Ciencias de la Salud','S'),('CIDETEC','11164','Centro de Innovación y Desarrollo Tecnológico en Cómputo','I'),('CIECAS','11168','Centro de Investigaciones Económicas, Administrativas y Sociales','I'),('CII','11173','Coordinación de Imagen Institucional','A'),('CIIDIR-DUR','11170','Centro Interdisciplinario de Investigación para el Desarrollo Integral Regional Unidad Durango','I'),('CIIDIR-MIC','11148','Centro Interdisciplinario de Investigación para el Desarrollo Integral Regional','S'),('CIIDIR-OAX','11171','Centro Interdisciplinario de Investigación para el Desarrollo Integral Regional Unidad OAXACA','I'),('CIITEC','11165','Centro de Investigación e Innovación Tecnológica','I'),('CITEDI','11147','Centro de Investigación y Desarrollo de Tecnología Digital','I'),('CNC','11172','Centro Nacional de Cálculo','A'),('CPS','11151','Coordinación Politécnica para la Sustentabilidad','A'),('DAD','11181','Dirección de Actividades Deportivas','A'),('DBP','11182','Dirección de Bibliotecas y Publicaciones','A'),('DCC','11184','Dirección de Cómputo y Comunicaciones','A'),('DCH','11149','Dirección de Capital Humano','A'),('DDC','11180','Dirección de Difusión Cultural','A'),('DDP','11175','Defensoría de los Derechos Politécnicos','A'),('DEMS','11176','Dirección de Educación Media Superior','A'),('DEV','11150','Dirección de Educación Virtual','A'),('DFIE','11177','Dirección de Formación e Innovación Educativa','A'),('DPIT','11179','Dirección de Prospectiva e Inteligencia Tecnológica, Tecnópoli','A'),('DRMI','11183','Dirección de Recursos Materiales e Infraestructura','A'),('DSG','11187','Secretaría General','A'),('DVDR','11178','Dirección de Vinculación y Desarrollo Regional','A'),('ENBA','11113','Escuela Nacional de Biblioteconomía y Archivonomía','S'),('ENCB','11114','Escuela Nacional de Ciencias Biológicas','S'),('ENMH','11127','Escuela Nacional de Medicina y Homeopatía','S'),('ESCA-STO','11140','Escuela Superior de Comercio y Administración Unidad Santo Tomas','S'),('ESCA-TEP','11141','Escuela Superior de Comercio y Administración Unidad Tepepan','S'),('ESCOM','11160','Escuela Superior de Cómputo','S'),('ESE','11153','Escuela Superior de Economía','S'),('ESEO','11138','Escuela Superior de Enfermería y Obstetricia','S'),('ESFM','11137','Escuela Superior de Física y Matemáticas','S'),('ESIA-TEC','11133','Escuela Superior de Ingeniería y Arquitectura Unidad Tecamachalco','S'),('ESIA-TIC','11134','Escuela Superior de Ingeniería y Arquitectura Unidad Ticomán','S'),('ESIA-Z','11135','Escuela Superior de Ingeniería y Arquitectura Unidad Zacatenco','S'),('ESIME-AZC','11152','Escuela Superior de Ingeniería Mecánica y Eléctrica Unidad Azcapotzalco','S'),('ESIME-CU','11158','Escuela Superior de Ingeniería Mecánica y Eléctrica Unidad Culhuacan','S'),('ESIME-TIC','11132','Escuela Superior de Ingeniería Mecánica y Eléctrica Unidad Ticomán','S'),('ESIME-Z','11131','Escuela Superior de Ingeniería Mecánica y Eléctrica. Unidad Zacatenco','S'),('ESIQIE','11136','Escuela Superior de Ingeniería Química e Industrias Extractivas','S'),('ESIT','11159','Escuela Superior de Ingeniería Textil','S'),('EST','11161','Escuela Superior de Turismo','S'),('SG','11187','Secretaría General','A'),('SIP','11154','Secretaría de Investigación y Posgrado','I'),('SSE','11174','Secretaría de Servicios Educativos','A'),('UPIBI','11142','Unidad Profesional Interdisciplinaria de Biotecnología','S'),('UPIICSA','11144','Unidad Profesional Interdisciplinaria de Ingeniería y Ciencias Sociales y Administrativas','S'),('UPIIG-GUA','11143','Unidad Profesional Interdisciplinaria de Ingeniería','S'),('UPIITA','11186','Unidad Profesional Interdisciplinaria en Ingeniería y Tecnologías Avanzadas','S'),('UPIIZ','11162','Unidad Profesional Interdisciplinaria de Ingeniería Campus Zacatecas','S');
/*!40000 ALTER TABLE `unidad` ENABLE KEYS */;
UNLOCK TABLES;
/*!40103 SET TIME_ZONE=@OLD_TIME_ZONE */;

/*!40101 SET SQL_MODE=@OLD_SQL_MODE */;
/*!40014 SET FOREIGN_KEY_CHECKS=@OLD_FOREIGN_KEY_CHECKS */;
/*!40014 SET UNIQUE_CHECKS=@OLD_UNIQUE_CHECKS */;
/*!40101 SET CHARACTER_SET_CLIENT=@OLD_CHARACTER_SET_CLIENT */;
/*!40101 SET CHARACTER_SET_RESULTS=@OLD_CHARACTER_SET_RESULTS */;
/*!40101 SET COLLATION_CONNECTION=@OLD_COLLATION_CONNECTION */;
/*!40111 SET SQL_NOTES=@OLD_SQL_NOTES */;

-- Dump completed on 2023-01-16 21:28:35
